id,name,uri,artist,acousticness,danceability,duration_ms,energy,instrumentalness,key,liveness,loudness,mode,speechiness,tempo,time_signature,valence
2vr6fjMZm1pliQ3a6HL8MT,La Clairière,spotify:track:2vr6fjMZm1pliQ3a6HL8MT,"Piano Novel, ",0.985,0.346,141023,0.0644,0.893,3,0.17,-22.683,1,0.0431,126.717,3,0.121
07Hk13m0dIGWhGr9B4yEsJ,Etude,spotify:track:07Hk13m0dIGWhGr9B4yEsJ,"Joep Beving, ",0.996,0.403,275040,0.0122,0.887,9,0.0751,-27.733,0,0.0405,112.556,4,0.239
1gVXTJVSekOTCH8hhibcqi,Vladimir's Blues,spotify:track:1gVXTJVSekOTCH8hhibcqi,"Max Richter, ",0.995,0.393,78547,0.17,0.854,9,0.105,-21.919,1,0.0692,115.227,3,0.0701
3aLof1zmaQ0GLcAc9YQ3Fq,Nuvole bianche,spotify:track:3aLof1zmaQ0GLcAc9YQ3Fq,"Ludovico Einaudi, ",0.956,0.177,357707,0.06,0.848,8,0.103,-25.377,1,0.0574,136.248,1,0.0521
645kj2wJDlXW7Wnx5N9WCq,Saltare (Somewhere at the Baltic Sea),spotify:track:645kj2wJDlXW7Wnx5N9WCq,"Dirk Maassen, ",0.992,0.386,257110,0.0949,0.931,9,0.0859,-20.617,0,0.0733,68.612,3,0.107
5Xec942T0BcXnrIqPL9NHW,Il,spotify:track:5Xec942T0BcXnrIqPL9NHW,"Jean-Michel Blais, ",0.982,0.289,125750,0.378,0.856,4,0.128,-13.447,1,0.0336,106.265,5,0.289
6HJovBuWj41I2jL94QpVj5,Hers,spotify:track:6HJovBuWj41I2jL94QpVj5,"The Arcadian Wild, ",0.971,0.302,161750,0.187,0.898,8,0.118,-18.961,1,0.0579,132.937,4,0.0969
0gQiiQnqlY45tRn6AAh8Hj,Interlude For Piano,spotify:track:0gQiiQnqlY45tRn6AAh8Hj,"Peter Bradley Adams, ",0.973,0.218,115547,0.00993,0.922,2,0.0602,-28.235,1,0.0424,68.65,5,0.158
4RuYDrJ4a2ybcEVkSy1xFB,Rays of Hope,spotify:track:4RuYDrJ4a2ybcEVkSy1xFB,"Oneke, ",0.991,0.222,121045,0.0584,0.946,2,0.1,-22.44,0,0.0322,143.786,3,0.0533
61RAuOOiUCFbjPk4pjFnxz,Cascade,spotify:track:61RAuOOiUCFbjPk4pjFnxz,"Goldmund, ",0.942,0.324,158962,0.0323,0.892,11,0.11,-28.388,0,0.0412,124.917,4,0.162
2C9AXrdWbRl1qd7z5oLRgm,River Running,spotify:track:2C9AXrdWbRl1qd7z5oLRgm,"Grobert, ",0.988,0.433,221562,0.205,0.887,7,0.0909,-14.938,1,0.0608,69.435,4,0.137
4MFKi6VzidmH1V6TX86ihS,Intro,spotify:track:4MFKi6VzidmH1V6TX86ihS,"Black Elk, ",0.989,0.399,98000,0.267,0.924,5,0.118,-19.636,0,0.0435,111.425,1,0.17
02BumRY2OTFMkMxrXSVMat,A Game of Badminton,spotify:track:02BumRY2OTFMkMxrXSVMat,"Dario Marianelli, Jack Liebeck, Benjamin Wallfisch, ",0.994,0.375,58387,0.00406,0.908,7,0.0842,-31.824,0,0.0671,139.682,1,0.335
23IhmwOyEMpH7fPU8H6pZz,A Sky Full of Flowers,spotify:track:23IhmwOyEMpH7fPU8H6pZz,"Jeff Bright Jr, ",0.99,0.324,218692,0.0645,0.929,6,0.19,-26.821,1,0.0436,101.942,4,0.0394
2Ua2U7enh9ErAF6DaJh4hg,Only Questions,spotify:track:2Ua2U7enh9ErAF6DaJh4hg,"Max Richter, ",0.994,0.38,77418,0.0089,0.891,6,0.0961,-33.388,0,0.0491,71.024,4,0.0755
4ponbmD53QAmxjHyXCHDFo,Improv #10 - One Last Thought,spotify:track:4ponbmD53QAmxjHyXCHDFo,"The Daydream Club, ",0.994,0.452,167000,0.0669,0.914,9,0.0966,-19.454,0,0.0388,74.852,1,0.192
22bk8cz4FrIpxR166zmXFk,Tokka,spotify:track:22bk8cz4FrIpxR166zmXFk,"Agnes Obel, ",0.993,0.568,89520,0.181,0.935,6,0.103,-19.451,0,0.0283,85.892,4,0.376
0sDqqcELNvGWI5u8mBxESD,Awakening,spotify:track:0sDqqcELNvGWI5u8mBxESD,"Otto Wahl, ",0.995,0.429,180774,0.0541,0.928,10,0.114,-26.759,0,0.0411,122.311,1,0.0583
65ncpfpqS6d0oF9UaIbvBn,Wanderlust,spotify:track:65ncpfpqS6d0oF9UaIbvBn,"Joep Beving, ",0.995,0.313,343387,0.0368,0.902,2,0.0877,-26.294,0,0.0395,130.213,4,0.107
5smg7I3dlFezDBYjLY2f0S,Mrs. Smith,spotify:track:5smg7I3dlFezDBYjLY2f0S,"Rebour, ",0.983,0.401,107464,0.0268,0.879,0,0.121,-23.912,1,0.0449,121.47,4,0.0818
4WKJm0usdFOUQH5Y574WtZ,La Lluvia,spotify:track:4WKJm0usdFOUQH5Y574WtZ,"Relajar, ",0.995,0.386,198710,0.0156,0.963,11,0.119,-24.846,1,0.0463,75.982,4,0.0666
7hyAAjHZaDWSPDzlUYNUIa,Threnody,spotify:track:7hyAAjHZaDWSPDzlUYNUIa,"Goldmund, ",0.989,0.294,281120,0.00502,0.928,9,0.109,-30.609,1,0.0373,91.559,4,0.191
0I2kwvXCLolYQ4nZQcF6EQ,Sleeping Lotus,spotify:track:0I2kwvXCLolYQ4nZQcF6EQ,"Joep Beving, ",0.994,0.341,152000,0.0296,0.901,7,0.112,-26.526,0,0.0402,65.942,4,0.174
37OB3SoyxFzsTzEIrCYkG0,Solitude Hymns,spotify:track:37OB3SoyxFzsTzEIrCYkG0,"Mayhem, ",0.993,0.313,188355,0.108,0.857,5,0.104,-23.401,1,0.037,118.084,4,0.122
41Uz23jubhxB8YREUHvueV,Throes,spotify:track:41Uz23jubhxB8YREUHvueV,"Half Moon Run, ",0.993,0.354,54333,0.0587,0.936,2,0.107,-23.846,1,0.0555,126.218,3,0.118
2PgVEaqgmMh1hdhcnuqDEd,Qi,spotify:track:2PgVEaqgmMh1hdhcnuqDEd,"Phildel, ",0.974,0.187,326023,0.24,0.897,7,0.183,-15.324,0,0.0409,142.546,4,0.0756
0W7B9MsXAJQerT6jE414cF,Nostos,spotify:track:0W7B9MsXAJQerT6jE414cF,"Jean-Michel Blais, BUFFLO, ",0.971,0.315,271760,0.291,0.873,2,0.278,-13.501,0,0.0417,112.812,3,0.0399
589W742qzyKYnwXD5nhFDe,Sanctuary,spotify:track:589W742qzyKYnwXD5nhFDe,"Grobert, ",0.987,0.29,208187,0.112,0.906,7,0.187,-17.894,1,0.0562,167.39,3,0.2
7DbbEaULNuEe95sxVJFwXQ,Light of the Seven,spotify:track:7DbbEaULNuEe95sxVJFwXQ,"Ramin Djawadi, ",0.903,0.273,589095,0.102,0.721,0,0.268,-16.843,0,0.0494,120.378,4,0.0572
3tbVwFLSct63LhbI2mU50s,Far and Beyond,spotify:track:3tbVwFLSct63LhbI2mU50s,"Charles Bolt, ",0.991,0.495,197566,0.0406,0.928,3,0.104,-24.758,0,0.0499,151.974,4,0.145
4NSorTl9g80CArixVtqGfz,Echoes of You,spotify:track:4NSorTl9g80CArixVtqGfz,"Oneke, ",0.986,0.267,140115,0.096,0.876,6,0.112,-23.171,0,0.0345,145.366,3,0.0395
1gLbbnyTOnx6LrCQ87c0gp,For Stormboy,spotify:track:1gLbbnyTOnx6LrCQ87c0gp,"Rhiannon Bannenberg, ",0.992,0.197,96500,0.0473,0.861,8,0.0878,-29.125,0,0.0441,123.367,3,0.121
2I2mF5P9ZkkE1bU4AMhQ27,India's Lament,spotify:track:2I2mF5P9ZkkE1bU4AMhQ27,"Rhiannon Bannenberg, ",0.995,0.33,161750,0.0206,0.874,0,0.0578,-25.858,1,0.0492,64.419,3,0.277
5hJ5736o2jQRXnslKxoWqG,Leaves,spotify:track:5hJ5736o2jQRXnslKxoWqG,"Hermann, ",0.991,0.465,104355,0.0388,0.915,9,0.0768,-24.262,0,0.0562,139.735,4,0.16
504NLPDUBRylbZUUQR97XX,The Watchtower,spotify:track:504NLPDUBRylbZUUQR97XX,"Sigimund, ",0.991,0.248,205578,0.0274,0.922,7,0.153,-28.768,0,0.0333,75.124,1,0.157
5frrMKfRVby9maqYjlBpDB,Emptiness,spotify:track:5frrMKfRVby9maqYjlBpDB,"Sigimund, ",0.986,0.331,130033,0.0542,0.94,7,0.113,-23.525,0,0.0503,71.943,4,0.0845
36Fdc6pZ05Y8kN5RZhMtYe,Eyes Closed And Traveling,spotify:track:36Fdc6pZ05Y8kN5RZhMtYe,"Peter Broderick, ",0.984,0.417,219550,0.0939,0.826,6,0.0903,-20.98,1,0.0402,84.241,4,0.0384
1QmhkjuUlosROqKk59sBSK,Opening,spotify:track:1QmhkjuUlosROqKk59sBSK,"Philip Glass, Bruce Brubaker, ",0.996,0.179,353147,0.026,0.89,0,0.0836,-30.937,0,0.0385,77.116,3,0.0671
7oTKvLjCe7db1UxsImGBwr,The Departure,spotify:track:7oTKvLjCe7db1UxsImGBwr,"Max Richter, ",0.996,0.384,75849,0.00341,0.943,0,0.0964,-39.053,0,0.0447,116.941,4,0.103
6oL99CBEXTL8vZ5PpmknXk,Departure (Home),spotify:track:6oL99CBEXTL8vZ5PpmknXk,"Max Richter, ",0.996,0.325,114289,0.039,0.929,3,0.097,-30.757,1,0.0577,75.783,4,0.216
35NEt3JvQshGEElCbF3bQx,Dalur,spotify:track:35NEt3JvQshGEElCbF3bQx,"Ólafur Arnalds, Brasstríó Mosfellsdals, ",0.991,0.217,239238,0.073,0.906,5,0.0498,-23.876,1,0.0334,174.418,4,0.0529
0DMjlMXgZAZ5qpOSVv6TXK,Davvi plays,spotify:track:0DMjlMXgZAZ5qpOSVv6TXK,"Firstnighter, ",0.996,0.696,92907,0.00664,0.956,11,0.0647,-31.292,1,0.115,83.094,3,0.822
0hsP0ePngHpxLQp9ZVVVRl,I Miss You,spotify:track:0hsP0ePngHpxLQp9ZVVVRl,"Ozymandias, ",0.995,0.51,118051,0.0567,0.916,6,0.0902,-24.525,0,0.0769,149.59,3,0.504
5edzZx7AiRFOUNZtyQJAGW,Nocturne in a Minor,spotify:track:5edzZx7AiRFOUNZtyQJAGW,"Chad Lawson, ",0.99,0.189,362354,0.0343,0.926,9,0.0957,-27.421,0,0.0414,100.968,4,0.0477
2SIHJo8TXKvFvaW0XvMztF,Deco,spotify:track:2SIHJo8TXKvFvaW0XvMztF,"Charles Bolt, ",0.994,0.229,92745,0.0189,0.921,6,0.0943,-29.919,1,0.0449,95.535,3,0.106
4jRhqYMDV0C8NLoFjRpZ3f,"Waltz No. 9 in A-Flat Major, Op. 69 No. 1 ""The Farewell""",spotify:track:4jRhqYMDV0C8NLoFjRpZ3f,"Pamela Howland, ",0.995,0.398,205360,0.0189,0.908,8,0.0876,-28.476,1,0.0375,85,4,0.141
58qCpaGUaGXiMvLPRDBHDW,Dawn,spotify:track:58qCpaGUaGXiMvLPRDBHDW,"Keiko Matsui, ",0.994,0.606,114013,0.0259,0.82,9,0.0893,-26.639,0,0.0574,100.144,4,0.256
1iet8jwrRWc5lkw8yKXtZN,Grace,spotify:track:1iet8jwrRWc5lkw8yKXtZN,"Sophie Hutchings, ",0.987,0.314,131349,0.021,0.923,1,0.122,-22.896,0,0.0373,101.794,4,0.216
2mpDoMepkxUD7GusdybNIq,Away,spotify:track:2mpDoMepkxUD7GusdybNIq,"Tonie Green, ",0.991,0.363,177000,0.131,0.903,5,0.124,-19.711,0,0.0598,70.784,4,0.284
6IxraDOdstG5QlrY9LKKPX,Image-Autumn-Womb,spotify:track:6IxraDOdstG5QlrY9LKKPX,"Goldmund, ",0.973,0.437,185187,0.132,0.919,1,0.147,-24.446,1,0.0341,115.042,4,0.162
3toYHht60pj16nNK0e2HZy,Norrsken,spotify:track:3toYHht60pj16nNK0e2HZy,"Karin Borg, ",0.98,0.278,95317,0.0434,0.919,0,0.121,-22.396,0,0.0383,133.853,4,0.0395
2pQyIi1mMMRPDjFPkgtfSn,Anthem,spotify:track:2pQyIi1mMMRPDjFPkgtfSn,"Dmitry Evgrafov, ",0.994,0.165,183040,0.0125,0.931,7,0.151,-34.083,1,0.0412,78.08,4,0.0701
3Qsv4VR1YDlLe2T597LNaJ,Stairs and Steps,spotify:track:3Qsv4VR1YDlLe2T597LNaJ,"Charlie Key, ",0.986,0.507,191896,0.0673,0.911,6,0.0762,-19.774,1,0.0511,169.793,4,0.22
4ndRB3B9iP6fx3YiCFr5es,Inngangur,spotify:track:4ndRB3B9iP6fx3YiCFr5es,"Hugar, ",0.995,0.405,87517,0.00996,0.954,9,0.0908,-29.706,0,0.042,67.82,3,0.329
3mLA49N1B0U33s2YUDDULc,Felt,spotify:track:3mLA49N1B0U33s2YUDDULc,"Hugar, ",0.995,0.533,142208,0.00741,0.95,0,0.0849,-35.449,1,0.0498,99.8,4,0.58
1U92my55XrL64mog5JGODC,Ambre,spotify:track:1U92my55XrL64mog5JGODC,"Nils Frahm, ",0.992,0.405,227627,0.0572,0.939,10,0.115,-25.548,0,0.0334,145.833,3,0.346
2L8ZiTLLejiY9O7qhhoday,I Promise,spotify:track:2L8ZiTLLejiY9O7qhhoday,"Alex Kozobolis, ",0.972,0.304,265142,0.248,0.65,11,0.129,-29.531,1,0.0461,60.419,4,0.14
1BDEDuqxCvqGMda7R2VBI0,Opus 20,spotify:track:1BDEDuqxCvqGMda7R2VBI0,"Dustin O'Halloran, ",0.991,0.34,433293,0.0611,0.945,5,0.0926,-19.64,0,0.0493,69.369,3,0.0385
53pUvuojWWNx0VWfPa7iwk,Chord Left,spotify:track:53pUvuojWWNx0VWfPa7iwk,"Agnes Obel, ",0.995,0.621,149992,0.0866,0.96,2,0.0984,-20.52,0,0.0651,182.043,4,0.0359
6YS1MXqso0zlmcL4OV1kXk,Début,spotify:track:6YS1MXqso0zlmcL4OV1kXk,"Mélanie Laurent, ",0.99,0.377,160067,0.0239,0.882,0,0.0998,-30.245,1,0.0403,119.263,4,0.0621
2rK5aTaCfPoSX0TqAW5YgV,Fin,spotify:track:2rK5aTaCfPoSX0TqAW5YgV,"Mélanie Laurent, ",0.994,0.336,131280,0.0331,0.936,6,0.0892,-26.416,1,0.042,106.361,4,0.0624
5m4XJ50qcGUHK5CVnZ6Ru4,Manga,spotify:track:5m4XJ50qcGUHK5CVnZ6Ru4,"Shaun Taylor McManus, ",0.993,0.37,153948,0.16,0.952,6,0.141,-17.795,1,0.0464,82.214,4,0.32
6xpMRiUfGaCn5hjD5TR0O4,Autumn Moon On A Calm Lake,spotify:track:6xpMRiUfGaCn5hjD5TR0O4,"Lü Wencheng, Lang Lang, ",0.99,0.205,241840,0.0245,0.9,1,0.121,-27.353,1,0.0379,65.969,4,0.0732
2AkcjsKlRbIBYGAgpQVFii,"Comptine d'un autre été, l'après-midi",spotify:track:2AkcjsKlRbIBYGAgpQVFii,"Yann Tiersen, ",0.991,0.484,140733,0.192,0.908,2,0.106,-15.378,1,0.0465,100.084,4,0.055
6wxUsXXraYNUThKoEvtzMx,Gizeh,spotify:track:6wxUsXXraYNUThKoEvtzMx,"Oskar Schuster, ",0.981,0.532,112060,0.204,0.87,2,0.118,-19.544,0,0.0817,141.65,4,0.676
0nPZeEqDdrGiljPZliz8fm,Tristane,spotify:track:0nPZeEqDdrGiljPZliz8fm,"Oskar Schuster, ",0.984,0.448,134265,0.141,0.659,10,0.104,-20.929,0,0.0654,147.524,4,0.189
0BPqaYNiJOYecYAe3pkJm9,Grace,spotify:track:0BPqaYNiJOYecYAe3pkJm9,"Neil Cowley Trio, ",0.994,0.429,217225,0.00967,0.959,11,0.109,-24.227,1,0.046,88.632,3,0.136
4eoDPVbSx04PlypRDwjsXk,The Approaching Night,spotify:track:4eoDPVbSx04PlypRDwjsXk,"Philip Wesley, ",0.992,0.427,399667,0.101,0.915,9,0.1,-23.867,0,0.0428,93.079,4,0.0876
54I28xXgzxBdlmN1FnJlHE,The Road To You,spotify:track:54I28xXgzxBdlmN1FnJlHE,"Stefano Guzzetti, ",0.995,0.365,216782,0.375,0.861,2,0.127,-12.653,0,0.0483,120.822,3,0.354
3WzXJhi5jtc29EoOwjPf2D,Delicate Transitions,spotify:track:3WzXJhi5jtc29EoOwjPf2D,"Gavin Luke, ",0.964,0.407,148245,0.187,0.925,8,0.108,-16.436,0,0.044,117.264,5,0.0686
1oI3Z6VfQaPZQstgEhOxjK,Dilo 7,spotify:track:1oI3Z6VfQaPZQstgEhOxjK,"Emika, ",0.996,0.567,131000,0.0394,0.877,9,0.0721,-24.651,0,0.0529,112.371,4,0.236
2pr6us08iPNzIex5q6fMvI,Together We Will Live Forever,spotify:track:2pr6us08iPNzIex5q6fMvI,"Clint Mansell, Kronos Quartet, ",0.994,0.483,301733,0.0176,0.928,7,0.0912,-25.501,0,0.052,76.384,4,0.197
47ZWr1Nb0PUgmKgyg5JkgO,River Flows In You - Original,spotify:track:47ZWr1Nb0PUgmKgyg5JkgO,"Yiruma, ",0.988,0.31,185527,0.218,0.952,9,0.085,-21.398,1,0.0507,145.074,4,0.105
02xmGU9unopKjpblPRC67j,Written On The Sky,spotify:track:02xmGU9unopKjpblPRC67j,"Max Richter, ",0.992,0.373,99867,0.117,0.909,10,0.111,-25.222,0,0.0511,125.288,3,0.193
2wGZXkS0IwKXxZNe8YxIhR,"Keyboard Sonata in B Minor, K.197/L.147/P.124: Andante",spotify:track:2wGZXkS0IwKXxZNe8YxIhR,"Domenico Scarlatti, Yevgeny Sudbin, ",0.995,0.387,363800,0.0353,0.893,11,0.0729,-32.142,0,0.0482,96.86,4,0.149
2eZjME1wn2bqwC6LPwTgKE,L'un part...L'autre Reste (Version Piano),spotify:track:2eZjME1wn2bqwC6LPwTgKE,"Frederic Botton, ",0.987,0.342,261547,0.0801,0.868,7,0.123,-20.455,1,0.0395,136.89,3,0.109
2TkGYqnVFS0T5u2PYN6JQS,Some,spotify:track:2TkGYqnVFS0T5u2PYN6JQS,"Nils Frahm, ",0.976,0.333,253911,0.00289,0.933,5,0.0747,-33.467,1,0.046,95.641,5,0.165
2OKEAPTngkO7ogItXRPHwC,Travelling,spotify:track:2OKEAPTngkO7ogItXRPHwC,"James Spiteri, ",0.992,0.397,237160,0.0638,0.905,3,0.115,-19.326,0,0.0523,110.328,4,0.226
7umAtH7vuQiyCYK3SkDKgN,The Spin,spotify:track:7umAtH7vuQiyCYK3SkDKgN,"Greg Haines, ",0.988,0.343,419120,0.163,0.9,0,0.0862,-18.536,0,0.035,128.457,4,0.0426
0qGeOcsFxUBOZWjH1IhbJA,De Novo Adagio (Intro),spotify:track:0qGeOcsFxUBOZWjH1IhbJA,"Alicia Keys, ",0.966,0.345,79080,0.0443,0.939,9,0.111,-20.072,0,0.0433,116.09,1,0.0448
3tBSK5WCWFTa5SZ5uelB4P,Liberations,spotify:track:3tBSK5WCWFTa5SZ5uelB4P,"Johannes Bornlof, ",0.994,0.606,142031,0.0949,0.931,1,0.0898,-21.652,0,0.0412,78.027,3,0.117
17oLsEzzlGFlrBKViCzmGc,Merry Christmas Mr. Lawrence,spotify:track:17oLsEzzlGFlrBKViCzmGc,"Ryuichi Sakamoto, ",0.952,0.479,286667,0.174,0.841,10,0.115,-18.021,0,0.0371,103.577,4,0.271
7Jkje7JNbeulTOCmYGiXYS,Soffia La Notte - Night Breaths,spotify:track:7Jkje7JNbeulTOCmYGiXYS,"Fabrizio Paterlini, ",0.978,0.238,206453,0.388,0.919,4,0.121,-16.152,0,0.04,164.702,3,0.208
1FwYuCPPEepHIWydsi37gI,Reminiscence,spotify:track:1FwYuCPPEepHIWydsi37gI,"Johannes Bornlof, ",0.989,0.544,152747,0.0842,0.915,8,0.111,-17.49,1,0.0515,62.415,5,0.215
6kssT5a59oQ2cUOzsTsDtP,Subtle The Sum,spotify:track:6kssT5a59oQ2cUOzsTsDtP,"Goldmund, ",0.996,0.434,119680,0.0234,0.955,4,0.132,-28.52,1,0.0568,136.669,4,0.045
2Yjv7MOdst5y6fFsq4cKOL,The Heart Asks Pleasure First/The Promise - Edit,spotify:track:2Yjv7MOdst5y6fFsq4cKOL,"Michael Nyman, ",0.961,0.208,191867,0.276,0.92,9,0.129,-14.648,0,0.0293,177.108,3,0.219
71pCkKd9FwWQSgJIuPmrDt,To the Sky (Moderate),spotify:track:71pCkKd9FwWQSgJIuPmrDt,"Dirk Maassen, ",0.988,0.315,276795,0.0778,0.894,9,0.0775,-19.953,0,0.0443,60.583,4,0.038
2Ai5UUXyxaulVbompgrzlo,Pinô,spotify:track:2Ai5UUXyxaulVbompgrzlo,"Otto Totland, ",0.995,0.494,165995,0.0453,0.927,5,0.112,-28.914,1,0.0378,80.743,4,0.115
5eIifmrzK2XxqiABsZhYGK,Balm,spotify:track:5eIifmrzK2XxqiABsZhYGK,"Peter Sandberg, ",0.988,0.376,126938,0.0176,0.909,11,0.0975,-22.767,1,0.0456,106.806,3,0.302
76uQrmsyHQjqLS6YaDLK6X,La Mer,spotify:track:76uQrmsyHQjqLS6YaDLK6X,"Dirk Maassen, ",0.993,0.428,270485,0.128,0.898,9,0.0902,-21.204,0,0.0586,110.401,5,0.0742
6jP8veGopi7UjFP8Uk5prz,Streams,spotify:track:6jP8veGopi7UjFP8Uk5prz,"Johannes Bornlof, ",0.995,0.523,134923,0.0444,0.953,9,0.104,-21.502,1,0.0481,106.671,3,0.227
0jZxuq04x40gwFCCcg3J31,A Prominent Response,spotify:track:0jZxuq04x40gwFCCcg3J31,"Piotr Miteska, ",0.991,0.283,173298,0.105,0.899,2,0.106,-21.941,0,0.0328,77.799,3,0.143
6UxfYEsff4c56PkJHKdO56,Barefoot,spotify:track:6UxfYEsff4c56PkJHKdO56,"Juliana, ",0.993,0.565,216250,0.0371,0.918,0,0.118,-20.52,1,0.153,77.074,3,0.397
3rdau6vlFbeLv9rKPLcaNw,One Morning In June,spotify:track:3rdau6vlFbeLv9rKPLcaNw,"Greg Barley, ",0.994,0.367,147883,0.0381,0.913,0,0.11,-27.44,1,0.0751,104.4,3,0.156
181ybi6b0dYJBcQzETKv67,Song for A,spotify:track:181ybi6b0dYJBcQzETKv67,"Charlie Key, ",0.992,0.466,145812,0.00472,0.938,5,0.0712,-28.546,1,0.0531,81.181,4,0.24
1yarqgJfk6Mb93UV7qsKGE,Moods of the Valley,spotify:track:1yarqgJfk6Mb93UV7qsKGE,"Otto Wahl, ",0.993,0.424,227472,0.102,0.941,6,0.106,-21.383,1,0.0478,137.699,4,0.106
2mALzHMGNFFjCIip1M0SyY,Fields,spotify:track:2mALzHMGNFFjCIip1M0SyY,"Kylian Rebour, ",0.991,0.383,123762,0.0129,0.922,0,0.137,-20.723,0,0.0448,118.075,4,0.0748
2C6BCDdtYjbbbAucqaw9NG,Squares of life,spotify:track:2C6BCDdtYjbbbAucqaw9NG,"Piotr Miteska, ",0.993,0.27,165035,0.0102,0.918,11,0.0919,-22.34,0,0.0386,71.967,4,0.0677
73xaHditQrP92Sia1pVvom,Berceuse,spotify:track:73xaHditQrP92Sia1pVvom,"Lo Mimieux, ",0.991,0.379,150688,0.198,0.909,10,0.123,-16.388,0,0.0457,137.736,4,0.213
3ESsjKqrj3M79I8sSZieK3,aisatsana [102],spotify:track:3ESsjKqrj3M79I8sSZieK3,"Aphex Twin, ",0.98,0.277,321880,0.01,0.848,4,0.131,-32.893,0,0.0359,102.397,4,0.0354
1sGpjDlrzobaQW6nUPmVIR,An Ending (Ascent),spotify:track:1sGpjDlrzobaQW6nUPmVIR,"Brian Eno, ",0.932,0.304,261493,0.0962,0.987,8,0.0767,-25.51,1,0.0667,68.205,3,0.0455
65ZDmPpZMMM2hbPejVmfF1,Sleeping Nature,spotify:track:65ZDmPpZMMM2hbPejVmfF1,"Sleepy Night Music, ",0.91,0.131,214588,0.101,0.858,7,0.0891,-24.565,0,0.0338,77.939,1,0.0338
5j0j5EOyFDth9Ufr879ddM,Sleep,spotify:track:5j0j5EOyFDth9Ufr879ddM,"Deep Sleep, ",0.994,0.196,148115,0.0067,0.972,10,0.12,-32.679,1,0.0542,179.657,4,0.0884
51iaGB3XuWNREnmJDss7oY,Orbiting Chimes for Deep Sleep,spotify:track:51iaGB3XuWNREnmJDss7oY,"Ambient Music Therapy (Deep Sleep, Meditation, Spa, Healing, Relaxation), ",0.848,0.195,332000,0.111,0.939,0,0.0955,-22.553,1,0.0394,147.401,4,0.0849
2DcmhjYX4EPPPNQ8h3nCGS,Breathe,spotify:track:2DcmhjYX4EPPPNQ8h3nCGS,"Kundalini: Yoga, Meditation, Relaxation, ",0.986,0.199,181030,0.00553,0.951,7,0.0939,-37.848,1,0.0465,75.686,4,0.0381
7ocJPvoS4xnFcaFc4B3AJj,A Lovely Place To Be,spotify:track:7ocJPvoS4xnFcaFc4B3AJj,"Patrick O'Hearn, ",0.977,0.0992,530800,0.012,0.963,3,0.0972,-29.215,0,0.0407,89.717,3,0.0344
5ND1U2EjRr68U5xGe9Ectt,Sleepy Time,spotify:track:5ND1U2EjRr68U5xGe9Ectt,"Massage Therapy Music, ",0.995,0.217,407371,0.00233,0.937,1,0.0993,-26.36,1,0.0458,76.211,4,0.139
3SrEmZTtPBo5Mzsa7qRsQE,Yoga Meditation and Relaxation,spotify:track:3SrEmZTtPBo5Mzsa7qRsQE,"Kundalini: Yoga, Meditation, Relaxation, ",0.991,0.2,153157,0.00461,0.942,10,0.257,-32.499,1,0.0372,75.284,4,0.222
7rGyeL4CgpVVHS6juDc04U,Instrumental Music,spotify:track:7rGyeL4CgpVVHS6juDc04U,"Asian Zen Spa Music Meditation, ",0.933,0.177,220125,0.0567,0.857,4,0.0986,-22.108,1,0.0449,127.005,3,0.0798
1Qr6LFKNBFNNa2y6nMDO31,2/1 - 2004 Digital Remaster,spotify:track:1Qr6LFKNBFNNa2y6nMDO31,"Brian Eno, ",0.945,0.119,534213,0.0758,0.973,8,0.0497,-23.943,1,0.0536,94.577,4,0.033
2U4Wzp1uATXWIC6wTyJN2l,Healing Sleep Music,spotify:track:2U4Wzp1uATXWIC6wTyJN2l,"Deep Sleep, ",0.897,0.205,199054,0.0396,0.986,7,0.141,-29.014,1,0.0392,76.308,4,0.0658
6MQxcWOKKoIFUAjpgTLvr2,Meditation,spotify:track:6MQxcWOKKoIFUAjpgTLvr2,"Asian Zen Spa Music Meditation, ",0.984,0.186,214656,0.047,0.982,11,0.0916,-18.854,1,0.0449,111.696,5,0.0663
5EhvDAos2Ppf82XN5EV60u,Complex Heaven,spotify:track:5EhvDAos2Ppf82XN5EV60u,"Brian Eno, Jon Hopkins, Leo Abrahams, ",0.934,0.191,185227,0.0773,0.865,10,0.0778,-24.098,1,0.0389,180.056,3,0.0377
7n92QzQomRCLlciO14X0kd,Nocturne en mi bémol majeur opus 9 n°2: Ballade en Sol Mineur No.1,spotify:track:7n92QzQomRCLlciO14X0kd,"Frédéric Chopin, Luis Fernando Perez, ",0.99,0.387,268427,0.0451,0.913,3,0.112,-24.698,1,0.0364,61.494,4,0.0651
0w40CCt6dxXRcnppKfpw6s,Sleep Music,spotify:track:0w40CCt6dxXRcnppKfpw6s,"Binaural Beats Brainwave Entrainment, ",0.826,0.314,205401,0.0512,0.943,0,0.102,-23.716,1,0.0566,89.514,3,0.0333
2vbjVc5oV5BuJ01YdZlV27,"Secret Zen - Classical Piano Music for Zen Meditation, Rest and Sleep",spotify:track:2vbjVc5oV5BuJ01YdZlV27,"Zen Music Garden, ",0.992,0.564,140587,0.0165,0.941,7,0.11,-26.704,1,0.0382,70.002,3,0.522
5E1TTFaGngCxLVW5CmSSgN,Spa Dreams,spotify:track:5E1TTFaGngCxLVW5CmSSgN,"Deep Sleep, ",0.994,0.224,88948,0.00667,0.912,7,0.0797,-34.279,1,0.039,66.041,4,0.245
5ORoqWdWRw9n0bAfvDbvnE,Study Music,spotify:track:5ORoqWdWRw9n0bAfvDbvnE,"Asian Zen Spa Music Meditation, ",0.955,0.0669,196534,0.0911,0.992,5,0.0999,-20.285,1,0.0443,75.168,4,0.0374
2hjB6CffGKryWp5Bec3H2J,Sleepy Time (Relaxing Music),spotify:track:2hjB6CffGKryWp5Bec3H2J,"Breathe, ",0.983,0.118,1035000,0.0191,0.958,1,0.128,-30.053,1,0.037,77.569,4,0.0595
29pwVfqcpxEMMiISu1WMgc,Contemplation,spotify:track:29pwVfqcpxEMMiISu1WMgc,"Best Relaxing SPA Music, ",0.911,0.168,1036270,0.022,0.834,2,0.0912,-27.885,1,0.0434,68.076,4,0.0674
3YMOXCsCYZTSdGMOZz8SzI,Delta Waves for Deep Healing Sleep,spotify:track:3YMOXCsCYZTSdGMOZz8SzI,"Binaural Beats Brain Waves Isochronic Tones Brain Wave Entrainment, ",0.735,0.159,1440027,0.479,0.98,0,0.212,-28.307,0,0.077,109.374,4,0.0255
76C3EEgPh8bUmaXPlXsMGE,Candles,spotify:track:76C3EEgPh8bUmaXPlXsMGE,"Jon Hopkins, ",0.868,0.298,148547,0.148,0.843,3,0.11,-26.245,0,0.0438,108.658,4,0.0604
7Jd0MqZq15T4pDWts2G6Yl,Emerald and Stone,spotify:track:7Jd0MqZq15T4pDWts2G6Yl,"Brian Eno, Jon Hopkins, Leo Abrahams, ",0.987,0.324,132307,0.0379,0.907,11,0.0756,-25.247,1,0.0554,120.169,4,0.0384
56izuMFp1xj6IGXOh5efiY,Happiness,spotify:track:56izuMFp1xj6IGXOh5efiY,"Jónsi & Alex, ",0.866,0.0637,560653,0.249,0.974,7,0.093,-16.187,1,0.0429,67.693,3,0.0372
12zGav4UDhMJ9l7vzfVOLJ,Hymn of the Cherubim,spotify:track:12zGav4UDhMJ9l7vzfVOLJ,"USSR Ministry of Culture Chamber Choir, ",0.99,0.136,455813,0.105,0.959,3,0.12,-22.091,0,0.037,75.842,4,0.0323
7660HEb7IyHEKK8sfS38Wn,I Have Loved You For A Thousand Lifetimes,spotify:track:7660HEb7IyHEKK8sfS38Wn,"Michael Whalen, ",0.985,0.176,365080,0.0468,0.915,4,0.0614,-24.255,1,0.0353,67.809,5,0.0631
4zo9nVH8uBk5DnUa92ogWn,Þú ert jörðin,spotify:track:4zo9nVH8uBk5DnUa92ogWn,"Ólafur Arnalds, ",0.983,0.121,274355,0.0791,0.923,0,0.113,-21.275,1,0.0428,168.037,1,0.038
4NsPgRYUdHu2Q5JRNgXYU5,Sweden,spotify:track:4NsPgRYUdHu2Q5JRNgXYU5,"C418, ",0.992,0.429,215500,0.01,0.945,2,0.103,-25.164,1,0.0537,74.677,1,0.213
1cWHaz5GDrhfnkXTIYlGHh,Stars - 2005 Digital Remaster,spotify:track:1cWHaz5GDrhfnkXTIYlGHh,"Brian Eno, ",0.992,0.149,480280,0.0271,0.932,5,0.0632,-33.771,1,0.0487,82.003,3,0.059
5Q5MFVjUWVNgb7XBerPdbQ,Signals - 2005 Digital Remaster,spotify:track:5Q5MFVjUWVNgb7XBerPdbQ,"Brian Eno, ",0.969,0.0672,166560,0.0119,0.944,6,0.12,-41.808,1,0.0457,70.521,1,0.0682
1jMJNYdEpb3c5S6j3Ca9np,Our Eyes Aren't What Make Us See,spotify:track:1jMJNYdEpb3c5S6j3Ca9np,"Mark Isham, ",0.988,0.17,238493,0.0722,0.924,6,0.103,-19.233,1,0.0343,66.182,3,0.0549
1gMURuwnafL9A2LHy6wWlY,Cold Out There,spotify:track:1gMURuwnafL9A2LHy6wWlY,"Jon Hopkins, ",0.909,0.395,209853,0.271,0.917,1,0.179,-13.445,1,0.0379,159.935,4,0.0334
4BaK0vKDFDOSZTscvN9Cdt,Inland Sea - 2005 Digital Remaster,spotify:track:4BaK0vKDFDOSZTscvN9Cdt,"Brian Eno, ",0.95,0.263,84813,0.0208,0.939,7,0.0587,-32.645,1,0.0487,138.718,3,0.0752
3f6CmN29KXYEvnMpPBA4T4,This Barren Land,spotify:track:3f6CmN29KXYEvnMpPBA4T4,"Jasper TX, ",0.702,0.0686,363400,0.021,0.8,7,0.112,-28.012,1,0.0481,79.145,4,0.0858
4WLDFjesbUHfZpf2xvnQyK,Drift - 2005 Digital Remaster,spotify:track:4WLDFjesbUHfZpf2xvnQyK,"Brian Eno, ",0.884,0.255,189467,0.116,0.894,5,0.0792,-29.308,1,0.0437,69.339,3,0.0311
4KyJQKAFvEH4F52qSMuwIF,Olancha Farewell,spotify:track:4KyJQKAFvEH4F52qSMuwIF,"Harold Budd, ",0.992,0.196,138427,0.00687,0.917,7,0.106,-34.255,1,0.0442,72.125,4,0.0605
6zfqokFxhJWV4OGlMv4OZc,Half an Hour,spotify:track:6zfqokFxhJWV4OGlMv4OZc,"9 Hour Sleep, ",0.0409,0.362,1800072,0.657,0.931,1,0.404,-19.872,1,0.094,108.399,4,0.217
1F7vUCER63VfNzvZKTi2pn,Overture (For Other Halfs),spotify:track:1F7vUCER63VfNzvZKTi2pn,"Brian McBride, ",0.948,0.14,398120,0.031,0.92,7,0.11,-28.007,1,0.0457,140.076,4,0.0354
4y5qZUZU5sojHT033PFP26,A Clearing - 2004 Digital Remaster,spotify:track:4y5qZUZU5sojHT033PFP26,"Brian Eno, ",0.986,0.169,247947,0.00154,0.97,5,0.0847,-32.367,1,0.0601,115.74,4,0.0284
4JCQ2ZHe3vACPQo0ABVfEH,At the Mercy of the Waves,spotify:track:4JCQ2ZHe3vACPQo0ABVfEH,"Clem Leek, ",0.96,0.207,299680,0.387,0.97,4,0.751,-22.162,1,0.0825,136.692,4,0.0535
0Z5oEza6OKWhXJBVnlCWzl,Radiant City,spotify:track:0Z5oEza6OKWhXJBVnlCWzl,"Robin Guthrie, Harold Budd, ",0.99,0.223,293480,0.0828,0.828,2,0.0828,-24.326,1,0.0563,129.825,4,0.0356
477naywDON3t1iAF4COlOV,Don't Bother They're Here,spotify:track:477naywDON3t1iAF4COlOV,"Stars Of The Lid, ",0.942,0.109,610213,0.00822,0.885,1,0.129,-28.425,1,0.0529,75.629,3,0.032
75Q2oWlmhsTiM9KTbjyduU,The Plateaux Of Mirror - 2004 Digital Remaster,spotify:track:75Q2oWlmhsTiM9KTbjyduU,"Brian Eno, Harold Budd, ",0.988,0.234,253893,0.0138,0.83,8,0.106,-30.699,0,0.0487,91.085,4,0.034
3Sy6wgTNEp6vSgLs4EyXAf,Flight From The City,spotify:track:3Sy6wgTNEp6vSgLs4EyXAf,"Jóhann Jóhannsson, Yuki Numata Resnick, Caleb Burhans, Ben Russell, Clarice Jensen, ",0.931,0.0949,391160,0.0952,0.934,10,0.107,-21.945,1,0.0371,70.362,3,0.0376
4vHAAUoPpwyyzxCJoRKOQE,Yoga Nidra,spotify:track:4vHAAUoPpwyyzxCJoRKOQE,"Meditation Spa, ",0.995,0.454,142707,0.0203,0.934,10,0.118,-21.373,1,0.0468,69.205,3,0.202
542waU3uXCF7ZVyNDvePHk,Girl Nap,spotify:track:542waU3uXCF7ZVyNDvePHk,"Brian McBride, ",0.953,0.0946,231213,0.181,0.915,4,0.118,-20.99,1,0.0361,77.092,3,0.0338
4VH3rKj1tmhUZtX3U43jBq,The Whispers,spotify:track:4VH3rKj1tmhUZtX3U43jBq,"Harold Budd, ",0.995,0.228,163000,0.00385,0.917,9,0.0858,-35.213,0,0.0449,141.201,3,0.127
3an5DoMqoNpJEQwfA48A4c,Lizard Point - 2004 Digital Remaster,spotify:track:3an5DoMqoNpJEQwfA48A4c,"Brian Eno, ",0.897,0.136,274307,0.0108,0.813,1,0.147,-35.954,1,0.0343,88.529,4,0.0309
6RtdBwIiYavQENjkE6JCba,Don't Go Where I Can't Find You,spotify:track:6RtdBwIiYavQENjkE6JCba,"Eraldo Bernocchi, Harold Budd, Robin Guthrie, ",0.985,0.0821,293627,0.104,0.794,11,0.0907,-21.088,1,0.0379,74.773,1,0.0357
4Piypso6HAayTb3FwJIIaW,Subtext,spotify:track:4Piypso6HAayTb3FwJIIaW,"John Foxx, ",0.989,0.109,359680,0.00459,0.89,9,0.0796,-32.667,0,0.0338,70.122,3,0.0423
2MZSXhq4XDJWu6coGoXX1V,Avril 14th,spotify:track:2MZSXhq4XDJWu6coGoXX1V,"Aphex Twin, ",0.996,0.558,125520,0.0259,0.871,8,0.0969,-30.016,1,0.0458,157.811,4,0.368
6vo5a9n1HWYroioj7k6gZS,Foreshadowed - 2005 Digital Remaster,spotify:track:6vo5a9n1HWYroioj7k6gZS,"Harold Budd, ",0.992,0.342,232440,0.0314,0.906,3,0.0767,-25.319,0,0.0439,100.022,4,0.124
2RWxRXIiwbcKEaplXoplUv,The Girl With the Flesh Colored Crayon,spotify:track:2RWxRXIiwbcKEaplXoplUv,"Aix Em Klemm, ",0.759,0.0931,392293,0.273,0.836,9,0.0888,-18.318,1,0.0365,74.914,1,0.0399
0s5x2cr3VyJYez1W8SKXC0,Ferrum,spotify:track:0s5x2cr3VyJYez1W8SKXC0,"Chihei Hatakeyama, ",0.988,0.23,973880,0.168,0.906,3,0.0967,-22.653,1,0.0481,135.059,3,0.0929
6Qknuz1Nh7tQ5l7ZkjuVA0,Oeillet En Delta,spotify:track:6Qknuz1Nh7tQ5l7ZkjuVA0,"Marsen Jules, ",0.947,0.0619,870013,0.00175,0.903,8,0.108,-27.746,0,0.0468,59.328,3,0.033
3z48KDiozWdduiI0xS0HD3,Stop Everything! It's Snowing,spotify:track:3z48KDiozWdduiI0xS0HD3,"Good Weather For An Airstrike, ",0.961,0.173,238000,0.014,0.826,1,0.0801,-20.717,1,0.042,89.776,4,0.0395
2AI8gjczczIGkUxospO0MF,"Music For Sleep Thunderstorm, Rain",spotify:track:2AI8gjczczIGkUxospO0MF,"Sounds Of Nature : Thunderstorm, Rain, ",0.0202,0.217,1787761,0.911,0.724,1,0.337,-27.515,1,0.18,91.211,4,0.0264
0N21fMeZhrSr8u9L6AqI55,Big Thunderstorm Coming and Going,spotify:track:0N21fMeZhrSr8u9L6AqI55,"Lightning, Thunder and Rain Storm, ",0.219,0.126,1707038,0.616,0.928,5,0.145,-31.856,0,0.0672,79.862,4,0.0167
447IxH36iiDFxVvs5VxqrN,Watching a Storm Through the Window,spotify:track:447IxH36iiDFxVvs5VxqrN,"Pro Sound Effects Library, ",0.911,0.345,194142,0.96,0.939,6,0.215,-17.377,0,0.0602,88.456,4,0.0267
34n0Ecmkfdxlejb6R3VzLL,Healthful Rolling Thunder with Distant Rumbles,spotify:track:34n0Ecmkfdxlejb6R3VzLL,"Nature Sounds, ",0.0596,0.105,570203,0.951,0.91,11,0.882,-24.641,0,0.0623,91.487,4,0.00812
1mQ4mwNuKP24viIgubPJ4X,Thoughtful Approaching Thunderstorm,spotify:track:1mQ4mwNuKP24viIgubPJ4X,"Nature Sounds, ",0.396,0.147,570069,0.621,0.981,0,0.684,-38.051,0,0.0553,104.245,4,0.00001
0mR23YGAIvHrej07yrq7Ln,Thunderstorm Approaching,spotify:track:0mR23YGAIvHrej07yrq7Ln,"Nature Sounds Artists, ",0.946,0.156,256000,0.174,0.945,8,0.291,-39.839,1,0.0645,66.168,3,0.0348
4IqMiwFJbioWQuv1u5c9Vw,Distant Thunder Only,spotify:track:4IqMiwFJbioWQuv1u5c9Vw,"Nature Sounds Artists, ",0.941,0.151,328000,0.167,0.95,1,0.27,-40.69,1,0.0641,67.5,3,0.035
0uvaj8ZRr0TBOYQOpyo6k3,3D Thunderstorm Sound Binaural Recording for Relaxation,spotify:track:0uvaj8ZRr0TBOYQOpyo6k3,"Nature Sounds Nature Music, ",0.236,0.298,795449,1,0.378,8,0.948,-12.938,1,0.0535,75.201,5,0.00001
7dYf0CsWHDLvlP6HJPs3zO,Midnight Thunderstorm Part 2,spotify:track:7dYf0CsWHDLvlP6HJPs3zO,"Lightning, Thunder and Rain Storm, ",0.000385,0.116,4269407,0.338,0.0935,1,0.342,-36.638,1,0.0648,94.453,4,0.0292
1nKY2o8XQG1RvUCpBV5VSK,Relaxing Constant Rain Storm with Distant Thunder Sfx,spotify:track:1nKY2o8XQG1RvUCpBV5VSK,"Nature Sounds, ",0.000626,0.0735,570203,0.997,0.975,8,0.871,-12.484,1,0.0995,81.214,4,0.0119
7C7DqxIUI68ZXsyvaKPkbG,"Sound of Nature - Rain, Thunderstorm",spotify:track:7C7DqxIUI68ZXsyvaKPkbG,"Thunderstorm, ",0.0464,0.0951,318538,0.971,0.0000906,10,0.419,-17.101,0,0.078,87.685,4,0.0181
1wBgKZTMcy7EBDR9xcw77a,Meditative Gentle Rain and Distant Thunder,spotify:track:1wBgKZTMcy7EBDR9xcw77a,"Nature Sounds, ",0.0451,0.0969,570103,0.315,0.752,1,0.484,-28.806,1,0.0523,82.955,3,0.158
0mbGHKzGjJx1omRaqNgwmB,Rain With Light Thunderstorm,spotify:track:0mbGHKzGjJx1omRaqNgwmB,"Nature Sounds, ",0.00583,0.158,1943484,0.574,0.579,8,0.347,-25.155,1,0.179,110.004,4,0.0298
5Y3bt7xbhZwwHfTPK5hWEg,Calm Rolling Thunder and Soothing Rain,spotify:track:5Y3bt7xbhZwwHfTPK5hWEg,"Nature Sounds, ",0.0674,0.0818,570270,0.294,0.893,0,0.359,-25.842,1,0.0898,85.349,3,0.0384
0kStIT9KwDMHaAL8YewhHS,Surrounded by Thunder Rumbles,spotify:track:0kStIT9KwDMHaAL8YewhHS,"Nature Sounds, ",0.0811,0.164,570036,0.913,0.94,10,0.361,-20.818,0,0.0722,114.549,5,0.00001
7qd8HUQEoRTLbV4wd1CXRD,Rain With Distant Thunderstorm,spotify:track:7qd8HUQEoRTLbV4wd1CXRD,"Nature Sounds, ",0.00583,0.158,1943484,0.574,0.579,8,0.347,-25.155,1,0.179,110.004,4,0.0298
0ezWgOdeYbEfeF0NXnMgKr,Discover Relax with a Thunderstorm,spotify:track:0ezWgOdeYbEfeF0NXnMgKr,"Sleep Sounds of Nature, ",0.83,0.12,240000,0.998,0.897,9,0.505,-21.701,1,0.0755,147.787,5,0.00001
4wdTGkZIVGvRL0My0p73P5,Quiet Rain Showers & Rolling Thunder Storms Imix for Mom’s Napping Toddler,spotify:track:4wdTGkZIVGvRL0My0p73P5,"Soothing White Noise for Infant Sleeping and Massage, Crying & Colic Relief, ",0.00151,0.209,248667,0.991,0.996,7,0.871,-20.653,1,0.06,98.759,4,0.0134
1ZNq9r6JSIuROnQp5vowTZ,Thunderstorm with the Sounds of the Sea,spotify:track:1ZNq9r6JSIuROnQp5vowTZ,"Nature Sounds Artists, ",0.621,0.165,254000,0.402,0.708,11,0.265,-34.173,1,0.091,127.295,3,0.0143
5qP8nQQjOnW8V5LjC3uW1y,Thunder and Rain,spotify:track:5qP8nQQjOnW8V5LjC3uW1y,"Calmsound, ",0.0000228,0.109,600000,0.501,0.715,1,0.493,-28.708,1,0.13,92.535,3,0.0611
0JAn4ycgs3fCWK1QUCulWr,Relaxed Circling Thunderstorm,spotify:track:0JAn4ycgs3fCWK1QUCulWr,"Nature Sounds, ",0.658,0.0884,570336,0.372,0.976,1,0.0761,-37.58,1,0.0397,85.88,4,0.0262
6QsKq1lrQ4PKP2lFBax2wo,Serene Thunderstorm in the Distance,spotify:track:6QsKq1lrQ4PKP2lFBax2wo,"Nature Sounds, ",0.371,0.0658,570603,0.627,0.962,1,0.458,-29.332,1,0.042,52.799,4,0.0238
3Mytf34viXCBpzCCzZeXtf,Rain And Thunder,spotify:track:3Mytf34viXCBpzCCzZeXtf,"Nature Sounds, ",0.00158,0.149,345391,0.587,0.901,1,0.48,-28.436,1,0.0892,105.895,4,0.025
2hojtVUnq9UYVD3sjHfUbU,Rain Downpour,spotify:track:2hojtVUnq9UYVD3sjHfUbU,"Thunderstorm, ",0.189,0.083,114679,0.353,0.993,3,0.454,-25.84,0,0.0462,166.299,1,0.0273
5BPgdqemcwJ5w7SEVvyLrF,Mist and Thunderclaps,spotify:track:5BPgdqemcwJ5w7SEVvyLrF,"Pro Sound Effects Library, ",0.973,0.156,376210,0.178,0.922,2,0.128,-38.711,1,0.0449,89.735,4,0.0305
5xkTHtZiRaazoh87lpeNwY,Peace Piece,spotify:track:5xkTHtZiRaazoh87lpeNwY,"Bill Evans, ",0.982,0.356,402271,0.0314,0.884,0,0.0797,-21.016,1,0.0552,74.695,4,0.0681
0hM8HOa0woleVD9YRQmO6q,One for my baby,spotify:track:0hM8HOa0woleVD9YRQmO6q,"Jan Johansson, ",0.987,0.58,256187,0.083,0.879,5,0.108,-17.358,1,0.0326,64.696,4,0.16
4vuoL9ldmpmZcXm7RkhQvx,The Nearness Of You,spotify:track:4vuoL9ldmpmZcXm7RkhQvx,"Bill Charlap, ",0.761,0.383,447280,0.131,0.194,7,0.0973,-17.764,1,0.033,98.606,4,0.0999
2oEvw0AfrT2fPNpEnBwVml,I Hear A Rhapsody - Digitally Remastered,spotify:track:2oEvw0AfrT2fPNpEnBwVml,"Bill Evans, ",0.995,0.384,280027,0.036,0.94,0,0.13,-25.958,0,0.0449,172.997,3,0.121
01HQIKjcODJCBRFoETqngE,When Sunny Gets Blue,spotify:track:01HQIKjcODJCBRFoETqngE,"McCoy Tyner, ",0.843,0.427,282320,0.114,0.863,2,0.0966,-22.546,0,0.0509,60.484,4,0.101
0wvbb2MxlokwqSvbeoOOHv,Interlude No. 3,spotify:track:0wvbb2MxlokwqSvbeoOOHv,"Keith Jarrett, ",0.993,0.511,77533,0.00211,0.982,3,0.113,-24.812,0,0.195,107.949,5,0.145
1cpANF6zMBoFoxkoIjZHjv,Skating In Central Park - Digitally Remastered,spotify:track:1cpANF6zMBoFoxkoIjZHjv,"Bill Evans, ",0.993,0.478,324200,0.0294,0.948,0,0.105,-25.319,1,0.0453,124.307,3,0.161
0KRjJtrKMJRngSPr4jp1Dl,In Your Own Sweet Way,spotify:track:0KRjJtrKMJRngSPr4jp1Dl,"Wes Montgomery, ",0.992,0.565,293320,0.0694,0.907,3,0.11,-21.971,1,0.0451,121.881,4,0.0806
2kpaRWsZTE96rmw0NBfP0c,I Got It Bad And That Ain't Good,spotify:track:2kpaRWsZTE96rmw0NBfP0c,"Oscar Peterson Trio, ",0.972,0.448,308893,0.0532,0.876,5,0.0863,-27.35,1,0.0454,99.757,4,0.189
7o6IYC4h6NMKoG9r6mZsE4,What Is There To Say,spotify:track:7o6IYC4h6NMKoG9r6mZsE4,"Chico Hamilton, George Duvivier, Howard Roberts, Jim Hall, ",0.987,0.498,173120,0.0187,0.896,4,0.12,-31.981,0,0.0425,102.422,4,0.0997
5Uftxvqqbi70QdCpLb0fKu,God Bless the Child,spotify:track:5Uftxvqqbi70QdCpLb0fKu,"Sonny Rollins, ",0.919,0.48,445240,0.0685,0.00513,2,0.0766,-17.1,1,0.0345,102.546,4,0.143
4ymHy4hzJ09WxvvT7p0Azy,You Go To My Head,spotify:track:4ymHy4hzJ09WxvvT7p0Azy,"Art Pepper, ",0.978,0.575,258040,0.0935,0.452,3,0.109,-15.906,1,0.0858,65.23,4,0.289
5ARta7jvD6MRUiSk54jY5r,My Foolish Heart - Live,spotify:track:5ARta7jvD6MRUiSk54jY5r,"Bill Evans Trio, ",0.92,0.392,298000,0.13,0.501,9,0.624,-23.293,1,0.0341,115.285,4,0.125
3dg1KOZoG8DpV6s7hYkPe4,Dear Old Stockholm,spotify:track:3dg1KOZoG8DpV6s7hYkPe4,"Scott Hamilton, ",0.909,0.576,596947,0.211,0.857,7,0.199,-14.661,0,0.0436,133.588,4,0.296
6joG9hvPqUH0Bm4Zff7Nru,Emily,spotify:track:6joG9hvPqUH0Bm4Zff7Nru,"Paul Desmond, ",0.993,0.263,287373,0.0245,0.859,10,0.105,-26.555,1,0.0398,63.138,3,0.174
3gMMHNUrq3rPeUfgQcAJ2H,Pretty Ballad,spotify:track:3gMMHNUrq3rPeUfgQcAJ2H,"Keith Jarrett, ",0.861,0.404,210066,0.0602,0.901,11,0.703,-26.459,0,0.0422,106.82,3,0.146
1ylwBTCAZ1WlvvMnWm6U3c,Virgo - 2004 - Remaster,spotify:track:1ylwBTCAZ1WlvvMnWm6U3c,"Wayne Shorter, Reginald Workman, McCoy Tyner, Elvin Jones, ",0.971,0.447,426800,0.13,0.444,2,0.108,-14.404,0,0.0386,106.607,4,0.174
3PJMsxg6rz9FOo6xNiASXz,Goodbye Pork Pie Hat,spotify:track:3PJMsxg6rz9FOo6xNiASXz,"Charles Mingus, ",0.957,0.356,342373,0.0937,0.096,8,0.209,-16.64,0,0.0353,86.669,3,0.259
0IffIW3eyCx9aZ36IqOu5o,Infant Eyes - 1999 Digital Remaster,spotify:track:0IffIW3eyCx9aZ36IqOu5o,"Wayne Shorter, ",0.985,0.34,414240,0.0837,0.761,3,0.0945,-12.072,1,0.042,138.689,3,0.131
7f4HuYwZb8BXCqh3Q67MOf,Concierto De Aranjuez,spotify:track:7f4HuYwZb8BXCqh3Q67MOf,"Jim Hall, ",0.937,0.516,1154040,0.201,0.89,2,0.111,-17.528,0,0.0333,130.938,4,0.319
6mQc9F0vBWH0sZbx76aZCf,Lucky To Be Me,spotify:track:6mQc9F0vBWH0sZbx76aZCf,"Bill Evans, ",0.994,0.484,221067,0.021,0.902,4,0.0914,-22.654,1,0.0589,101.396,3,0.11
2K1wCVx3TfTnCspW4GGI4H,'round Midnight,spotify:track:2K1wCVx3TfTnCspW4GGI4H,"Thelonious Monk, ",0.898,0.561,190218,0.251,0.89,5,0.058,-11.405,0,0.0348,120.762,4,0.18
08rTZ8jNknn8VBS3v2o8pT,Lullaby Of The Leaves - 1998 Digital Remaster,spotify:track:08rTZ8jNknn8VBS3v2o8pT,"Gerry Mulligan, ",0.972,0.439,195160,0.082,0.893,0,0.0913,-17.066,1,0.0407,124.69,4,0.494
30KOPTzr6kkko2HdH1HjoI,Our Song,spotify:track:30KOPTzr6kkko2HdH1HjoI,"Art Pepper, ",0.756,0.354,332320,0.286,0.14,0,0.19,-11.546,0,0.0409,115.406,4,0.174
4iEJyAwf1FLU1ZNIHoS7YD,Stolen Moments,spotify:track:4iEJyAwf1FLU1ZNIHoS7YD,"Oliver Nelson, ",0.871,0.536,528093,0.259,0.897,0,0.112,-14.491,0,0.0425,116.205,4,0.306
2QZtOFPATNgKpUJiGUARZk,If You Could See Me Now,spotify:track:2QZtOFPATNgKpUJiGUARZk,"Chet Baker, ",0.935,0.51,318413,0.0364,0.912,3,0.143,-19.576,1,0.0397,112.457,4,0.186
1i82K5tPkCd96KgSWOyBTF,Moonlight In Vermont,spotify:track:1i82K5tPkCd96KgSWOyBTF,"Stan Getz, Astrud Gilberto, ",0.919,0.337,147907,0.375,0.156,1,0.236,-10.749,1,0.0347,125.878,5,0.369
3AeIbfjydFf46N27feEFri,My Funny Valentine,spotify:track:3AeIbfjydFf46N27feEFri,"Gerry Mulligan, Vic Anesini, ",0.972,0.329,246067,0.0317,0.939,5,0.147,-21.514,0,0.0441,75.844,4,0.285
43DXDfmVyZl1pRwjKnzh61,In A Sentimental Mood,spotify:track:43DXDfmVyZl1pRwjKnzh61,"Duke Ellington, John Coltrane, ",0.939,0.458,254893,0.274,0.0122,10,0.127,-11.975,0,0.0347,70.987,4,0.266
58ylMBq2yqYdHyevarkNWa,I Guess I'll Hang My Tears Out To Dry - 1999 Digital Remaster,spotify:track:58ylMBq2yqYdHyevarkNWa,"Dexter Gordon, ",0.907,0.524,322000,0.222,0.00124,3,0.0544,-8.967,1,0.0346,120.71,4,0.324
4d3XHYFFuYYzxWr2cJ6yQl,Angel Eyes - Studio,spotify:track:4d3XHYFFuYYzxWr2cJ6yQl,"Tommy Flanagan, Ron Carter, Tony Williams, ",0.876,0.487,349600,0.145,0.822,5,0.149,-18.67,1,0.0522,110.134,4,0.133
0UdN2gvmo1PPvdF0kFAIMV,Portrait of Jenny,spotify:track:0UdN2gvmo1PPvdF0kFAIMV,"Wynton Kelly, Gordon Burge, ",0.907,0.42,278907,0.136,0.568,0,0.119,-16.439,0,0.0434,178.975,3,0.208
6bbjsAJnozh2qYMS9lFQDz,Hypersleep,spotify:track:6bbjsAJnozh2qYMS9lFQDz,"65daysofstatic, ",0.987,0.281,173400,0.369,0.964,6,0.274,-16.022,0,0.036,76.155,3,0.201
7d4i1kAUl9IZR4i46klvNT,Mývatna,spotify:track:7d4i1kAUl9IZR4i46klvNT,"Dreyma, ",0.942,0.191,270933,0.211,0.869,8,0.111,-18.551,0,0.0384,137.339,5,0.0563
10yIs9zsN0BNnXJpejnZ2v,Back to the Start,spotify:track:10yIs9zsN0BNnXJpejnZ2v,"The Album Leaf, ",0.028,0.561,286960,0.741,0.942,2,0.11,-8.775,1,0.0394,108.019,4,0.235
5N8JUiG7xDh6Qj2bhySXaC,Carmel,spotify:track:5N8JUiG7xDh6Qj2bhySXaC,"Teen Daze, ",0.7,0.689,228250,0.602,0.885,8,0.107,-9.053,1,0.0324,119.999,4,0.651
1frhZSh2UQNthJ5HOkXZig,Chihiro,spotify:track:1frhZSh2UQNthJ5HOkXZig,"Yoste, ",0.933,0.428,216000,0.566,0.581,4,0.0977,-8.352,1,0.0279,139.791,4,0.0847
5GiEgcvmqbD1WgHzICDvOb,Bridges,spotify:track:5GiEgcvmqbD1WgHzICDvOb,"Koresma, ",0.737,0.72,221333,0.708,0.651,1,0.1,-5.21,0,0.0341,90.032,4,0.159
2Qg6YspSCesP9xaO3wrbqd,Modern Driveway - Jon Hopkins Remix,spotify:track:2Qg6YspSCesP9xaO3wrbqd,"Luke Abbott, Jon Hopkins, ",0.858,0.259,258000,0.076,0.876,10,0.101,-25.238,0,0.0378,68.459,4,0.0472
7EMDetZnX07SnEvcXR8yEQ,Ocelot,spotify:track:7EMDetZnX07SnEvcXR8yEQ,"Emancipator, ",0.795,0.589,276080,0.478,0.922,9,0.11,-7.271,0,0.0241,93.013,4,0.31
6htL2c5qW0IhL6QgCawXsK,Kaksi,spotify:track:6htL2c5qW0IhL6QgCawXsK,"Ukkonen, ",0.248,0.597,419120,0.139,0.897,0,0.0847,-26.804,1,0.0435,120.003,5,0.289
2djhM4OeRi2fstWKAhYwHc,The Tourist,spotify:track:2djhM4OeRi2fstWKAhYwHc,"Message To Bears, ",0.819,0.373,264520,0.413,0.301,2,0.374,-11.216,1,0.0349,78.518,4,0.497
3TvSosJDwwgBuqzK8b5mBA,Division,spotify:track:3TvSosJDwwgBuqzK8b5mBA,"Tycho, ",0.00411,0.488,238745,0.902,0.869,0,0.281,-7.876,1,0.0314,172.565,1,0.426
6mInCiYvOXj9jKXJKKMUTG,Contrails,spotify:track:6mInCiYvOXj9jKXJKKMUTG,"Glowworm, ",0.418,0.261,261155,0.576,0.86,2,0.11,-8.747,1,0.0266,89.412,4,0.0893
21NTki3htdOVxJhSuknJK0,Orgoned,spotify:track:21NTki3htdOVxJhSuknJK0,"Kiasmos, ",0.312,0.742,360320,0.613,0.955,7,0.115,-14.524,0,0.0474,117.004,4,0.0369
4l2yPgS0exxRHRXOaiqksw,Kanta's Theme,spotify:track:4l2yPgS0exxRHRXOaiqksw,"Chris Walla, ",0.912,0.209,402893,0.0616,0.894,2,0.102,-21.856,1,0.0381,77.326,3,0.0377
7I8OdKB4wCiUVXaLuHuyHv,All in Here,spotify:track:7I8OdKB4wCiUVXaLuHuyHv,"Emancipator, ",0.0571,0.558,320693,0.687,0.82,3,0.121,-7.996,0,0.0253,90.99,4,0.242
0BSJ1iQEmGibLCPMHGtdo7,Lost In Thought,spotify:track:0BSJ1iQEmGibLCPMHGtdo7,"Jon Hopkins, ",0.636,0.62,376733,0.318,0.879,1,0.118,-15.88,1,0.0399,150.379,4,0.198
0p8gq23UoCaw6mfndx470w,Kepesh,spotify:track:0p8gq23UoCaw6mfndx470w,"Arms and Sleepers, ",0.151,0.678,328125,0.663,0.96,1,0.0666,-10.035,1,0.0535,87.99,4,0.327
6jC0JJ43NqpbBgY1mf5uZ9,A Rising Wind (Instrumental),spotify:track:6jC0JJ43NqpbBgY1mf5uZ9,"Helios, ",0.784,0.482,289512,0.36,0.921,1,0.0888,-13.888,1,0.0404,170.004,3,0.0432
5JhhawSlXCSYcu48LafOIn,Into The Sea,spotify:track:5JhhawSlXCSYcu48LafOIn,"Port Blue, ",0.0269,0.66,142173,0.654,0.742,1,0.116,-9.382,1,0.0385,109.974,4,0.222
2DhT22DtGdRKULjuScdht0,Periphescence,spotify:track:2DhT22DtGdRKULjuScdht0,"Glowworm, ",0.221,0.221,238724,0.313,0.889,5,0.11,-9.952,1,0.0317,131.461,4,0.0353
3BCqIl5vYtb8u4QP79JtPo,They Disappear Into the Palms,spotify:track:3BCqIl5vYtb8u4QP79JtPo,"LIGHTS OUT ASIA, ",0.00267,0.287,393267,0.462,0.881,2,0.133,-10.937,0,0.032,130.993,4,0.0385
4zSbFrERDuBdZ1Bio9uee4,Looped,spotify:track:4zSbFrERDuBdZ1Bio9uee4,"Kiasmos, ",0.0224,0.805,360705,0.404,0.846,7,0.105,-11.161,0,0.0481,120.012,4,0.13
2LCUFZHyZQbnN43585VprM,Prisma,spotify:track:2LCUFZHyZQbnN43585VprM,"CFCF, ",0.907,0.192,260599,0.289,0.979,5,0.104,-17.759,1,0.0355,98.183,4,0.0388
4YEKwC3ipNg9LdR02OL8h2,Nothing It Can,spotify:track:4YEKwC3ipNg9LdR02OL8h2,"Helios, ",0.779,0.181,287521,0.245,0.899,1,0.0681,-12.333,1,0.0389,109.007,4,0.0368
5EGW7u5Apfyu8CJZIkiops,Part 3,spotify:track:5EGW7u5Apfyu8CJZIkiops,"Rhian Sheehan, ",0.29,0.228,313440,0.418,0.348,2,0.772,-8.707,0,0.027,79.435,4,0.0456
7d0F63Ynv9ZvPQlJPVZOql,Song For No One,spotify:track:7d0F63Ynv9ZvPQlJPVZOql,"Lowercase Noises, ",0.845,0.174,301397,0.244,0.943,9,0.112,-16.279,1,0.0399,71.695,4,0.032
7IuxuJBP6kwOOu1ShFzmR1,Insomniac Olympics,spotify:track:7IuxuJBP6kwOOu1ShFzmR1,"Blockhead, ",0.539,0.588,306587,0.628,0.83,1,0.0968,-7.714,1,0.0344,88.006,4,0.187
5oXlgW24ELS0P5YkAQcrko,Small Memory,spotify:track:5oXlgW24ELS0P5YkAQcrko,"Jon Hopkins, ",0.993,,100947,0.00834,0.936,1,0.195,-23.201,1,,0,,
5MSfgtOBZkbxlcwsI9XNpf,A Walk,spotify:track:5MSfgtOBZkbxlcwsI9XNpf,"Tycho, ",0.329,0.659,316919,0.716,0.909,9,0.127,-7.816,1,0.0317,139.952,4,0.372
2WNuC3r3wnjDYWOifLfe5a,Antiphon,spotify:track:2WNuC3r3wnjDYWOifLfe5a,"Hidden Orchestra, ",0.256,0.432,365973,0.562,0.915,7,0.0899,-11.539,0,0.031,79.994,4,0.117
47D774OTQbbGPU6fTMTgya,Blank Pages,spotify:track:47D774OTQbbGPU6fTMTgya,"The Album Leaf, ",0.0195,0.63,268453,0.359,0.908,9,0.0931,-11.022,0,0.0376,119.98,4,0.178
0OF6WSdeVmYEGBZlxvwvLq,Anything You Synthesize - Ambient,spotify:track:0OF6WSdeVmYEGBZlxvwvLq,"The American Dollar, ",0.43,0.496,248125,0.0936,0.94,1,0.0997,-22.248,0,0.0359,120.116,4,0.0307
4qTfc9EIeFGUhy5uYLkpjU,160512,spotify:track:4qTfc9EIeFGUhy5uYLkpjU,"New Mountain, ",0.405,0.634,148902,0.118,0.943,7,0.0944,-15.965,1,0.0573,164.053,4,0.223
0zZIYr7bxWx4RMQx5k4R3G,1000 Arms,spotify:track:0zZIYr7bxWx4RMQx5k4R3G,"Lymbyc Systym, ",0.899,0.649,169013,0.566,0.955,4,0.114,-12.913,0,0.0448,116.027,4,0.0373
1fnM86DDTDWYpumRJqLSfU,… Passing By,spotify:track:1fnM86DDTDWYpumRJqLSfU,"Ulrich Schnauss, ",0.000714,0.671,395307,0.548,0.762,9,0.114,-7.921,1,0.0265,99.875,4,0.522
2SPTGg9SC5MT1FwNX4IYfx,Greenland,spotify:track:2SPTGg9SC5MT1FwNX4IYfx,"Emancipator, ",0.0273,0.593,191067,0.398,0.827,4,0.231,-13.301,0,0.0295,98.728,4,0.0925
1ph6Bncj7s3BmYp6FkIzP8,Miss You,spotify:track:1ph6Bncj7s3BmYp6FkIzP8,"Trentemøller, ",0.948,0.542,243400,0.134,0.931,7,0.152,-22.526,0,0.0367,126.954,4,0.204
0GUxlhUfZhTKXtuYPSm7Ha,The First Surface,spotify:track:0GUxlhUfZhTKXtuYPSm7Ha,"Near The Parenthesis, ",0.824,0.516,336480,0.498,0.944,0,0.203,-13.827,1,0.0294,108.039,4,0.097
6HJH2v5BIqpKW34nsLV1O7,The Queen of All Everything,spotify:track:6HJH2v5BIqpKW34nsLV1O7,"Ott, ",0.0944,0.544,472400,0.524,0.674,11,0.115,-10.96,0,0.0285,134.042,4,0.101
2EK9P3qERVUABw1VNRrAQn,Islands,spotify:track:2EK9P3qERVUABw1VNRrAQn,"Gravenhurst, ",0.123,0.471,485293,0.391,0.868,0,0.128,-12.678,1,0.0278,139.989,4,0.0371
4OO2lavE7yz5Ane6fEYXp3,Everything You Do Is A Balloon,spotify:track:4OO2lavE7yz5Ane6fEYXp3,"Boards of Canada, ",0.105,0.54,423933,0.385,0.916,7,0.101,-13.819,0,0.0435,91.041,4,0.0799
6QLp8WLQlkqSd9l5fEt36R,Moon,spotify:track:6QLp8WLQlkqSd9l5fEt36R,"Little People, ",0.345,0.714,227867,0.528,0.851,6,0.109,-10.223,1,0.0365,151.499,4,0.721
3KYH5A1SQg6poc9cTr5TjR,Not Going Back To The Harbour - Dauwd Remix,spotify:track:3KYH5A1SQg6poc9cTr5TjR,"Lanterns on the Lake, Dauwd Muhammad, ",0.155,0.668,253548,0.286,0.87,6,0.115,-19.987,1,0.0575,124.001,4,0.287
4vU5TfGGHeIwKVzWSov8TM,Awash,spotify:track:4vU5TfGGHeIwKVzWSov8TM,"Manual, ",0.00193,0.591,339000,0.742,0.875,0,0.196,-9.644,1,0.0251,130.005,4,0.571
78s9ENMqB5MBgV8nhP3ogF,Sol,spotify:track:78s9ENMqB5MBgV8nhP3ogF,"Solar Fields, ",0.0101,0.507,511011,0.37,0.847,8,0.0743,-15.211,1,0.03,144.958,4,0.0374
5vcqsAlUH7ap2HKD4pm9c5,We Have a Map of the Piano,spotify:track:5vcqsAlUH7ap2HKD4pm9c5,"múm, ",0.909,0.673,319760,0.447,0.933,2,0.0574,-13.862,1,0.0318,123.999,4,0.194
5ykXsKJqx0GE0dsogxjylG,Near Light,spotify:track:5ykXsKJqx0GE0dsogxjylG,"Ólafur Arnalds, ",0.964,0.481,208400,0.323,0.904,2,0.102,-14.384,1,0.0326,117.963,4,0.083
6DsGpDGIDRv8EFGgW10T1p,Nevergreen,spotify:track:6DsGpDGIDRv8EFGgW10T1p,"Emancipator, ",0.398,0.523,215960,0.411,0.87,3,0.148,-9.797,0,0.0276,170.935,4,0.24
7AgcA4piGo8vbvXEt7ib1n,A Brief Walk in the Sea,spotify:track:7AgcA4piGo8vbvXEt7ib1n,"Near The Parenthesis, ",0.746,0.16,424867,0.571,0.92,10,0.131,-12.42,1,0.0473,190.89,3,0.18
2DR3RcQLkcx9KqBEx9Raf7,Autumnal,spotify:track:2DR3RcQLkcx9KqBEx9Raf7,"Teen Daze, ",0.506,0.552,328813,0.69,0.878,1,0.112,-10.575,1,0.0429,99.994,4,0.223
7tZdUbFTq67mgcnGEpEIdQ,The Wider Sun,spotify:track:7tZdUbFTq67mgcnGEpEIdQ,"Jon Hopkins, ",0.892,0.221,154933,0.204,0.884,3,0.117,-17.353,1,0.0321,73.675,3,0.0383
0LXs0oOINrcboPzcn63zIB,"It's Called, 'Daisy'",spotify:track:0LXs0oOINrcboPzcn63zIB,"Her Name Is Calla, ",0.864,0.277,112202,0.3,0.886,0,0.106,-19.219,1,0.0664,159.86,3,0.0357
1PVnuV7xWekJsI3XyC16J0,Wherever You Are,spotify:track:1PVnuV7xWekJsI3XyC16J0,"Ulrich Schnauss, ",0.00309,0.513,349560,0.84,0.937,0,0.315,-7.09,0,0.0269,146.351,4,0.333
2TFXdRFnNtBCIWjDtJ6oIX,Sea Of Voices,spotify:track:2TFXdRFnNtBCIWjDtJ6oIX,"Porter Robinson, ",0.214,0.211,298981,0.439,0.573,2,0.071,-8.103,1,0.0306,127.311,4,0.0395
2MjJ8ajY6WfoCChcA74olC,Soak It Up,spotify:track:2MjJ8ajY6WfoCChcA74olC,"Houses, ",0.495,0.713,244480,0.47,0.315,7,0.0853,-13.746,1,0.039,102.973,4,0.0757
7MEE5ZXKLh0eXK5XzlmNVs,Noctuary,spotify:track:7MEE5ZXKLh0eXK5XzlmNVs,"Bonobo, ",0.751,0.667,322373,0.299,0.839,7,0.204,-8.98,0,0.0392,90.016,4,0.385
6UrBPZ1zQTheV7sn9PuZif,Comfort Zone,spotify:track:6UrBPZ1zQTheV7sn9PuZif,"General Fuzz, ",0.903,0.419,362853,0.406,0.434,8,0.116,-10.795,1,0.0381,168.066,4,0.066
2lrHZUfgnVMPmFLEwXR8CD,Nest,spotify:track:2lrHZUfgnVMPmFLEwXR8CD,"Justin Nozuka, ",0.995,0.132,95147,0.049,0.932,4,0.0926,-25.06,1,0.0551,87.888,4,0.0317
3UduZBfrWQkNk46RbD3H9p,Elliptic,spotify:track:3UduZBfrWQkNk46RbD3H9p,"Vessels, ",0.0416,0.518,528147,0.695,0.924,10,0.128,-10.078,0,0.0319,123.01,4,0.302
6Q6dSJr0aBtTf6fRL5fMTo,Brazil,spotify:track:6Q6dSJr0aBtTf6fRL5fMTo,"Cornelius, ",0.723,0.318,241480,0.589,0.902,4,0.0866,-9.372,1,0.0579,188.179,4,0.377
1noyGsXLK0BmBiRltC198H,Green Grass Of Tunnel,spotify:track:1noyGsXLK0BmBiRltC198H,"múm, ",0.735,0.472,291400,0.528,0.384,0,0.0994,-13.356,1,0.0409,180.077,4,0.218
1u4qLLYs866O1PArVR5pPs,Aquarium,spotify:track:1u4qLLYs866O1PArVR5pPs,"Casino Versus Japan, ",0.774,0.609,299040,0.366,0.951,1,0.219,-14.752,1,0.0532,75.008,3,0.491
7JfqZOTWsA8pNtGrsaPHhU,After 4AM,spotify:track:7JfqZOTWsA8pNtGrsaPHhU,"Long Arm, ",0.161,0.337,402747,0.691,0.358,4,0.1,-6.92,0,0.0463,176.699,4,0.205
30u5328ERA8OFk3qrla5m2,Natural Cause,spotify:track:30u5328ERA8OFk3qrla5m2,"Emancipator, ",0.377,0.553,315769,0.602,0.712,0,0.0993,-8.51,0,0.0375,170.02,4,0.294
1KSv7wt8YplLa5useD2I0D,Perfect Morning - Speck from CYNE Remix,spotify:track:1KSv7wt8YplLa5useD2I0D,"Long Arm, Speck From CYNE, ",0.943,0.396,264093,0.743,0.891,0,0.126,-8.319,1,0.0339,194.068,3,0.385
0iT8tYZ3haeUUXWogdRJh0,Know Where,spotify:track:0iT8tYZ3haeUUXWogdRJh0,"Holy Other, ",0.792,0.576,208353,0.394,0.754,4,0.106,-9.634,0,0.0961,85.035,4,0.177
3xATEhxjTSArvaWteLLtZg,Santa Rosa,spotify:track:3xATEhxjTSArvaWteLLtZg,"Trifonic, ",0.168,0.624,373914,0.556,0.801,7,0.0988,-7.53,0,0.0338,130.106,4,0.286
62e6CJOmmYiiwS9yKE5Gg6,I Came Running,spotify:track:62e6CJOmmYiiwS9yKE5Gg6,"Ancient Astronauts, ",0.0824,0.662,239107,0.772,0.826,7,0.132,-7.28,0,0.0482,89.99,4,0.148
77IRkXe8HFijHsbetLlnkb,Terrapin,spotify:track:77IRkXe8HFijHsbetLlnkb,"Bonobo, ",0.78,0.551,279933,0.328,0.928,10,0.111,-16.384,1,0.0345,152.003,4,0.04
1TCkrnjuurf0DNLLoJxVyd,Poa Alpina,spotify:track:1TCkrnjuurf0DNLLoJxVyd,"Biosphere, ",0.911,0.171,250961,0.0284,0.946,7,0.119,-35.244,0,0.0374,130.284,4,0.128
4WpqAzzZo04LS5jrze14rM,Sun Harmonics,spotify:track:4WpqAzzZo04LS5jrze14rM,"Jon Hopkins, ",0.22,0.668,714093,0.454,0.921,7,0.1,-18.313,1,0.0501,118.007,4,0.0657
4Y2W4zKa3q72ztbkA0r8Va,Dayvan Cowboy,spotify:track:4Y2W4zKa3q72ztbkA0r8Va,"Boards of Canada, ",0.507,0.322,300187,0.615,0.819,11,0.0677,-10.774,1,0.0427,167.95,4,0.0364
75knaKjp6RSDUnKABI0XoQ,Monday - Paracetemol,spotify:track:75knaKjp6RSDUnKABI0XoQ,"Ulrich Schnauss, ",0.0845,0.412,396680,0.788,0.933,8,0.194,-9.662,0,0.0436,155.846,4,0.165
0JExELrTTlXBvwYXJGIMtT,Motion,spotify:track:0JExELrTTlXBvwYXJGIMtT,"Balam Acab, ",0.321,0.493,243140,0.714,0.842,9,0.111,-10.267,1,0.0715,114.002,4,0.0554
2RV7JBwjOaixnJwsSAUYEG,5 23,spotify:track:2RV7JBwjOaixnJwsSAUYEG,"Global Communication, ",0.416,0.599,323107,0.494,0.847,4,0.44,-13.699,0,0.0471,109.982,4,0.592
3SKGZkUGPR15ahniLcQVPP,River (feat. Shura),spotify:track:3SKGZkUGPR15ahniLcQVPP,"Hiatus, Shura, ",0.404,0.535,256004,0.411,0.937,5,0.107,-9.984,1,0.0267,98.017,4,0.178
7d8UsuThQiOn5WZ5pdv0Ti,Outlaw,spotify:track:7d8UsuThQiOn5WZ5pdv0Ti,"Emancipator, ",0.366,0.573,218445,0.532,0.959,6,0.11,-10.823,1,0.0354,80.489,4,0.337
7h4zfJe5KFg9zUedbWmhGl,Yr Love,spotify:track:7h4zfJe5KFg9zUedbWmhGl,"Holy Other, ",0.776,0.512,282215,0.468,0.861,1,0.103,-9.645,1,0.0407,90.015,4,0.32
2dEUtBDxuEi0seN5feyibM,Little Hunters Beach,spotify:track:2dEUtBDxuEi0seN5feyibM,"Ocean Sounds, ",0.513,0.178,648519,0.936,0.437,1,0.828,-27.727,1,0.106,118.077,4,0.00001
4sEd8D3np2s1Nmc0ZK5mQ4,Signals No. 1,spotify:track:4sEd8D3np2s1Nmc0ZK5mQ4,"Goldmund, ",0.979,0.144,171907,0.438,0.939,9,0.113,-20.38,1,0.0411,64.927,4,0.291
5MmrE5OctcGPhGR5u1lizE,"Ocean Waves 1 - Relaxing Ocean Wave for Relaxation, Meditation and Sound Therapy",spotify:track:5MmrE5OctcGPhGR5u1lizE,"Ocean Sounds Collection, ",0.944,0.19,4206077,0.996,0.343,1,0.87,-19.269,1,0.0557,83.07,4,0.00001
3cWtMefARJv4mqnrHWySos,"Ocean Surf: Waves at Point Lobos, California",spotify:track:3cWtMefARJv4mqnrHWySos,"Pacific Rim Nature Sounds, ",0.94,0.0939,3600006,0.995,0.952,6,0.865,-14.859,0,0.0644,89.416,3,0.00001
1Jq9lLiUqzxYUlINnsAsVR,"Ocean Waves At South Beach, Pacific Rim National Park",spotify:track:1Jq9lLiUqzxYUlINnsAsVR,"Pacific Rim Nature Sounds, ",0.0916,0.14,1801808,0.273,0.922,4,0.344,-16.018,0,0.0889,88.431,4,0.00001
33oDN4AznUiS5WR5dceMFB,"Thunderstorm, Rain, Ocean Waves - Relaxing Sounds of Nature",spotify:track:33oDN4AznUiS5WR5dceMFB,"Healing Sounds for Deep Sleep and Relaxation, ",0.0945,0.0936,4500037,0.75,0.441,5,0.39,-16.432,1,0.0971,77.969,4,0.0115
6rlaYewjRwDjHyBHbxpV3n,Seawash As Heard from the Cliffs,spotify:track:6rlaYewjRwDjHyBHbxpV3n,"White Noise Research, ",0.0000281,0.0692,598332,0.694,0.99,5,0.332,-14.191,0,0.101,80.546,3,0.0118
2X53fycK56KzDdse9h6ela,Sand Beach,spotify:track:2X53fycK56KzDdse9h6ela,"Ocean Sounds, ",0.738,0.0646,860000,0.926,0.969,1,0.383,-24.768,0,0.0525,76.996,1,0.00001
0Grp18VKRYuwcHltn1sCTv,Relaxing Beach Campfire,spotify:track:0Grp18VKRYuwcHltn1sCTv,"Soul Soother, ",0.105,0.422,3616090,0.734,0.89,1,0.345,-26.49,1,0.0804,105.537,4,0.0338
1DPc36Ggkar2hy9E1QniOG,Das Meeresrauschen und die frische Meeresluft genießen,spotify:track:1DPc36Ggkar2hy9E1QniOG,"Kings of Nature, ",0.606,0.157,923107,0.999,0.95,10,0.86,-14.792,0,0.0649,108.601,3,0.00001
1saXdvEAafdRzUphXBzSHg,Ocean Waves for Sleep,spotify:track:1saXdvEAafdRzUphXBzSHg,"Ocean Waves For Sleep, ",0.932,0.0797,4120258,0.995,0.562,1,0.31,-17.379,1,0.0612,84.788,3,0.00001
05nZZFYWuJi1CvB8kesieD,"Ocean Waves At Wickaninnish Beach, Pacific Rim National Park",spotify:track:05nZZFYWuJi1CvB8kesieD,"Pacific Rim Nature Sounds, ",0.789,0.0703,1801804,0.946,0.685,2,0.579,-16.161,1,0.0657,74.481,4,0.00001
1SbSyvD2Ws07yK9tfU2gwC,Otter Cove,spotify:track:1SbSyvD2Ws07yK9tfU2gwC,"Ocean Sounds, ",0.375,0.219,210000,0.828,0.000723,0,0.459,-30.491,1,0.25,121.2,3,0.00705
3wp3xhKeEnKJuEAMx7CFKb,Calming Waves on a Pebble Beach,spotify:track:3wp3xhKeEnKJuEAMx7CFKb,"Rest & Relax Nature Sounds Artists, ",0.515,0.168,1508000,0.681,0.1,11,0.43,-34.992,0,0.142,112.701,3,0.0081
5yBtUftuqiimdSnpLfJhXh,"Ocean Waves - Pebble Beach in Devon, England",spotify:track:5yBtUftuqiimdSnpLfJhXh,"Nature Sounds, ",0.669,0.0822,360318,0.941,0.772,10,0.979,-14.918,1,0.0381,85.714,3,0.00001
2c8bFdMva3spUi5N7tho58,Bass Harbor Lighthouse,spotify:track:2c8bFdMva3spUi5N7tho58,"Ocean Sounds, ",0.106,0.169,615031,0.638,0.683,5,0.953,-29.054,1,0.0961,115.451,4,0.0144
1HT78mgwnYfqk2XxXcfhnO,Ocean Surf with Distant Thunder,spotify:track:1HT78mgwnYfqk2XxXcfhnO,"Rest & Relax Nature Sounds Artists, ",0.6,0.0962,1208000,0.437,0.727,11,0.381,-31.703,1,0.0737,83.593,4,0.0103
2Wqp74I7qW1FVhep9KG9PO,Sea Surf onto Pebble Beach,spotify:track:2Wqp74I7qW1FVhep9KG9PO,"Outside Broadcast Recordings, ",0.843,0.129,240980,0.995,0.981,7,0.367,-15.527,0,0.0537,93.423,5,0.00001
2QfFLpSGF1T1pY6tq4kD7Z,Ocean Waves Sounds,spotify:track:2QfFLpSGF1T1pY6tq4kD7Z,"Ocean Sounds, ",0.932,0.0797,4120258,0.995,0.562,1,0.31,-17.379,1,0.0612,84.788,3,0.00001
2ag8hcgCqHJGyjF3hQQji5,"Ocean Waves At Florencia Bay, Pacific Rim National Park",spotify:track:2ag8hcgCqHJGyjF3hQQji5,"Pacific Rim Nature Sounds, ",0.819,0.0934,1801780,0.474,0.879,4,0.46,-17.611,0,0.0978,89.925,4,0.00001
1SlZKhRNRaMXYOypR1NfCq,Oregon Coast Waves for Help Sleeping Through the Night (Toddler Sleep),spotify:track:1SlZKhRNRaMXYOypR1NfCq,"Official White Noise Collection, ",0.942,0.156,177600,0.294,0.954,5,0.105,-19.095,0,0.0985,130.523,5,0.00001
4RL8ouJdFZ58njDqZvpyU1,Ocean Waves,spotify:track:4RL8ouJdFZ58njDqZvpyU1,"Rest & Relax Nature Sounds Artists, ",0.332,0.0901,1216000,0.486,0.908,10,0.361,-28.046,0,0.0886,88.661,4,0.00001
7xrOKGH1oKSS6VbGIhiydE,Natural White Noise Ocean Waves,spotify:track:7xrOKGH1oKSS6VbGIhiydE,"Ocean Waves, ",0.932,0.0797,4120258,0.995,0.562,1,0.31,-17.379,1,0.0612,84.788,3,0.00001
2aPJpbW3V7z1ds3g8SDTdC,Acadia Stream,spotify:track:2aPJpbW3V7z1ds3g8SDTdC,"Ocean Sounds, ",0.16,0.149,509870,0.99,0.982,1,0.963,-25.629,0,0.0658,141.096,3,0.00473
1Vbz6nKsHqDSuSdhHjdmOg,Deep Sleep: Waves 1,spotify:track:1Vbz6nKsHqDSuSdhHjdmOg,"Deep Sleep, ",0.835,0.267,142000,0.94,0.991,5,0.915,-28.105,0,0.0725,93.968,4,0.0202
5gKW3M2R4QSqHWGSXyhwpm,Pebble Beach,spotify:track:5gKW3M2R4QSqHWGSXyhwpm,"Echoes Of Nature, ",0.636,0.151,769573,0.934,0.955,2,0.97,-24.137,1,0.0632,134.04,4,0.00001
2Wx5us8oGfUNFYASFzFm1x,Einen wundervollen Sturm an der Nordsee genießen,spotify:track:2Wx5us8oGfUNFYASFzFm1x,"Kings of Nature, ",0.181,0.0585,906893,0.714,0.968,1,0.306,-12.151,1,0.0813,72.499,3,0.00001
1YS25J9pNLFzdTedykiUPX,"Ocean Waves At Long Beach, Pacific Rim National Park",spotify:track:1YS25J9pNLFzdTedykiUPX,"Pacific Rim Nature Sounds, ",0.927,0.148,1801802,0.316,0.547,2,0.244,-16.55,1,0.0723,135.028,3,0.00001
03recGE2o6wk7ahS6FkdDn,Den harmonischen Abendausklang am Meer genießen,spotify:track:03recGE2o6wk7ahS6FkdDn,"Kings of Nature, ",0.747,0.167,908333,0.997,0.886,6,0.59,-20.078,0,0.0625,114.39,4,0.00001
1LaqZQFMyaUkAFydsPUPsv,Einen herrlichen Strandspaziergang am Morgen genießen,spotify:track:1LaqZQFMyaUkAFydsPUPsv,"Kings of Nature, ",0.757,0.0702,922187,0.998,0.941,3,0.912,-18.224,1,0.0569,77.367,1,0.00001
6iLzFJhs4ATwJn7P1utZIJ,Light of the Seven,spotify:track:6iLzFJhs4ATwJn7P1utZIJ,"Ramin Djawadi, ",0.903,0.273,589095,0.102,0.721,0,0.268,-16.843,0,0.0494,120.378,4,0.0572
5xxqxlolNTVsPwSqaltfZm,Patience,spotify:track:5xxqxlolNTVsPwSqaltfZm,"The Lumineers, ",0.973,0.477,97051,0.236,0.922,4,0.108,-16.991,1,0.0458,138.361,3,0.0891
3DnkZYlSQVqR7CegWLaINT,Dancing On My Own - Instrumental,spotify:track:3DnkZYlSQVqR7CegWLaINT,"Calum Scott, ",0.962,0.542,257250,0.112,0.852,1,0.111,-25.485,1,0.0605,112.569,4,0.0671
6uGPnUbMpNFQ4nAkBri4HF,The Twins (Prague),spotify:track:6uGPnUbMpNFQ4nAkBri4HF,"Max Richter, ",0.991,0.36,118453,0.0393,0.872,0,0.103,-30.668,0,0.0362,115.649,4,0.0775
1buLhNdLSkgSyAasZfRAvv,Talk!,spotify:track:1buLhNdLSkgSyAasZfRAvv,"Lambert, ",0.91,0.258,172000,0.182,0.841,10,0.111,-19.747,0,0.0351,139.946,4,0.239
2PCTrOWob0vs0io6pfGOYS,Once Upon a December (from Anastasia),spotify:track:2PCTrOWob0vs0io6pfGOYS,"Emile Pandolfi, ",0.981,0.239,252253,0.173,0.929,11,0.16,-19.353,0,0.0362,73.205,4,0.128
3QeFvemdDmJN2IG7SioZrq,Danse,spotify:track:3QeFvemdDmJN2IG7SioZrq,"Dirk Maassen, ",0.909,0.199,292818,0.121,0.883,7,0.111,-17.143,0,0.0438,59.335,4,0.0385
7MgDzfaht4ehkcvPW6l6yj,Eleonora,spotify:track:7MgDzfaht4ehkcvPW6l6yj,"Oskar Schuster, ",0.877,0.49,168374,0.195,0.811,0,0.0605,-18.64,0,0.0457,135.182,4,0.554
2cXtGVoHXIRvY0sWEZcoV3,Singur,spotify:track:2cXtGVoHXIRvY0sWEZcoV3,"Oskar Schuster, ",0.947,0.45,174972,0.139,0.916,4,0.09,-18.011,0,0.0352,139.281,4,0.643
37lacae8kqGisrm8RuJK5y,Casa,spotify:track:37lacae8kqGisrm8RuJK5y,"Jean-Michel Blais, ",0.927,0.437,467000,0.188,0.931,8,0.325,-14.967,0,0.0457,137.929,4,0.0389
1MIqlbRmn5RxSJPvkyiIIt,Bangarang,spotify:track:1MIqlbRmn5RxSJPvkyiIIt,"TheUnsungHeroine, ",0.984,0.361,147018,0.135,0.918,7,0.112,-18.984,0,0.039,125.921,4,0.141
3siUs9hIIxOoYlBVCBOXc8,A Tale from the Past,spotify:track:3siUs9hIIxOoYlBVCBOXc8,"Maxence Cyrin, ",0.98,0.401,138267,0.242,0.929,1,0.0814,-18.751,1,0.0559,147.514,4,0.0319
0OUKX4FPkY6b4MpH2pNM8H,All Our Days,spotify:track:0OUKX4FPkY6b4MpH2pNM8H,"Stefano Guzzetti, ",0.975,0.323,242048,0.338,0.867,5,0.14,-10.719,1,0.0348,120.405,3,0.155
4zZj11smhpOntZlP6S9xj0,Atlantico,spotify:track:4zZj11smhpOntZlP6S9xj0,"Roberto Cacciapaglia, ",0.977,0.357,227613,0.246,0.892,2,0.139,-12.394,0,0.0327,64.208,4,0.143
4p0HLtImbaIWWz2tZFm1cD,Life Story,spotify:track:4p0HLtImbaIWWz2tZFm1cD,"Ólafur Arnalds, Nils Frahm, ",0.989,0.481,341042,0.237,0.922,11,0.337,-25.78,1,0.0285,75.042,4,0.42
1kk79934lKSmpEYzQC0uZx,She,spotify:track:1kk79934lKSmpEYzQC0uZx,"Chad Lawson, ",0.903,0.402,94000,0.104,0.958,0,0.0988,-20.163,1,0.0383,120.064,4,0.0377
3IRfHNTDkqaXGLXaRXiGXX,Time Has Changed,spotify:track:3IRfHNTDkqaXGLXaRXiGXX,"Federico Albanese, ",0.897,0.539,365000,0.281,0.938,5,0.0891,-20.925,0,0.0316,134.944,4,0.0961
5Iu5WSN1HcB0x8NGxBfARp,Morning,spotify:track:5Iu5WSN1HcB0x8NGxBfARp,"Hauschka, ",0.995,0.538,142013,0.0983,0.888,5,0.106,-21.436,1,0.0833,100.668,5,0.045
2oDyGH7wA9lXhSCryB8H2e,"So Close, So Far",spotify:track:2oDyGH7wA9lXhSCryB8H2e,"Dustin O'Halloran, ",0.996,0.434,60440,0.00385,0.76,3,0.112,-20.901,1,0.054,112.057,3,0.287
4miuADB2k5I55t7NeAnxKu,this was written by hand,spotify:track:4miuADB2k5I55t7NeAnxKu,"David Lang, Andrew Zolinsky, ",0.991,0.434,613680,0.0439,0.87,5,0.086,-22.168,1,0.0599,148.918,4,0.282
4B8V40EZHyRu8aT2z7xbKR,To Sleep for a New Day,spotify:track:4B8V40EZHyRu8aT2z7xbKR,"Stefano Guzzetti, ",0.994,0.482,238417,0.376,0.865,5,0.112,-11.745,1,0.0355,109.199,3,0.206
6VhDkTs7GsFVkivNKYZkXI,September,spotify:track:6VhDkTs7GsFVkivNKYZkXI,"Giles Lamb, ",0.929,0.603,199125,0.518,0.847,7,0.0895,-9.593,1,0.0328,115.048,4,0.215
4mV5rJjQAbMjlSW3BRtr8U,So Far,spotify:track:4mV5rJjQAbMjlSW3BRtr8U,"Hauschka, ",0.996,0.402,229906,0.015,0.898,0,0.08,-25.115,0,0.0537,66.331,4,0.201
7oODXcRc9w9TZe2ENlEHY1,Siegfried Idyll,spotify:track:7oODXcRc9w9TZe2ENlEHY1,"Howard Shore, Lang Lang, ",0.99,0.362,1924427,0.00589,0.871,4,0.0575,-23.397,1,0.0695,68.915,3,0.0626
5AdFDzY5KY8RehHWVL0010,Six Etudes for Piano - q = 132,spotify:track:5AdFDzY5KY8RehHWVL0010,"Philip Glass, Bruce Brubaker, ",0.992,0.265,267560,0.0184,0.93,3,0.106,-29.229,1,0.0345,67.821,3,0.0651
1theT4wIbPitjIglidXPL1,Night,spotify:track:1theT4wIbPitjIglidXPL1,"Ludovico Einaudi, Amsterdam Sinfonietta, ",0.962,0.21,330573,0.179,0.934,3,0.103,-15.954,1,0.0341,106.705,4,0.0607
2k2MprlqkmDMKKOOWGREzW,Dawn,spotify:track:2k2MprlqkmDMKKOOWGREzW,"Jean-Yves Thibaudet, ",0.991,0.331,158600,0.0525,0.891,0,0.0683,-24.1,1,0.0388,78.853,3,0.11
6POheCDFPmnlAvO0ZWhOJN,"Summer Nursery Rhyme, No. 2",spotify:track:6POheCDFPmnlAvO0ZWhOJN,"Yann Tiersen, ",0.975,0.408,133667,0.205,0.879,4,0.111,-16.647,0,0.0399,124.208,4,0.382
5R30E3Y9smzdJeGfAlFaST,Jenny's Theme,spotify:track:5R30E3Y9smzdJeGfAlFaST,"Various Artists, ",0.994,0.476,93400,0.00522,0.962,7,0.0887,-25.732,0,0.072,71.1,3,0.288
5S4pYmxXY2etvuSgBwm01v,Scary Monsters and Nice Sprites,spotify:track:5S4pYmxXY2etvuSgBwm01v,"TheUnsungHeroine, ",0.953,0.415,174812,0.361,0.922,7,0.207,-15.558,0,0.033,76.89,4,0.359
4CqPmyQnDruHlT6AGrAFna,"Piano Sonata No. 14 in C-Sharp Minor, ""Moonlight"": I. Adagio sostenuto",spotify:track:4CqPmyQnDruHlT6AGrAFna,"Ludwig van Beethoven, Jenő Jandó, ",0.996,0.198,319000,0.0062,0.883,1,0.107,-38.78,0,0.0672,164.289,3,0.134
0KOcp0WL3WLZ5mvOWLN2L1,Chopin : Nocturne No.2 in E flat major Op.9 No.2,spotify:track:0KOcp0WL3WLZ5mvOWLN2L1,"Frédéric Chopin, Elisabeth Leonskaja, ",0.99,0.453,304267,0.0254,0.914,3,0.126,-26.282,1,0.0448,132.011,4,0.0907
0AJSqBtdFhbd4AwsEoAJOU,Haiku,spotify:track:0AJSqBtdFhbd4AwsEoAJOU,"Stefano Guzzetti, ",0.994,0.441,98000,0.0172,0.921,5,0.106,-13.365,1,0.0529,69.144,3,0.272
69UGm9BuoiJBEaNzNMZBUb,Naval,spotify:track:69UGm9BuoiJBEaNzNMZBUb,"Yann Tiersen, ",0.977,0.356,218107,0.163,0.921,2,0.107,-19.103,0,0.0377,93.989,3,0.0664
1ipJdiNMjgvfAilddGT9sI,Fantasien op. 116: Intermezzo: Adagio,spotify:track:1ipJdiNMjgvfAilddGT9sI,"Johannes Brahms, Martin Tchiba, ",0.995,0.308,274747,0.00605,0.929,4,0.0869,-35.164,1,0.0486,66.122,5,0.0772
5WkpylN4JuGKDchg2rg7do,Barcarolle,spotify:track:5WkpylN4JuGKDchg2rg7do,"Stephen Warbeck, ",0.991,0.345,132902,0.0583,0.893,7,0.151,-28.122,0,0.0534,171.48,4,0.157
0854wS2yN62O9vzCGwi0vw,Tracce,spotify:track:0854wS2yN62O9vzCGwi0vw,"Ludovico Einaudi, ",0.994,0.335,272000,0.00804,0.923,1,0.0947,-32.656,1,0.0759,95.923,4,0.0378
11N5j12dwsKRZvhVxqgQ5y,2 Arabesques: No. 1 in E Major,spotify:track:11N5j12dwsKRZvhVxqgQ5y,"Claude Debussy, Klara Kormendi, ",0.995,0.336,211533,0.0688,0.868,6,0.0818,-24.691,0,0.038,62.908,5,0.136
53ann6bENp7BF8uklrzQAp,The Promise,spotify:track:53ann6bENp7BF8uklrzQAp,"Michael Nyman, ",0.937,0.0992,256493,0.226,0.903,9,0.183,-14.84,0,0.0339,79.518,4,0.0612
4xerj5DqDRBmh0i3IApvC8,"Adagio In B Minor, K.540",spotify:track:4xerj5DqDRBmh0i3IApvC8,"Wolfgang Amadeus Mozart, Vladimir Horowitz, ",0.995,0.391,477250,0.00394,0.937,11,0.0989,-31.191,0,0.0495,80.208,4,0.165
5t0E9V1RiHBflzs71pfGGG,"Piano Sonata No. 14 in C-Sharp Minor, Op. 27, No. 2, ""Moonlight"": I. Adagio sostenuto",spotify:track:5t0E9V1RiHBflzs71pfGGG,"Ludwig van Beethoven, Jenő Jandó, ",0.995,0.205,315200,0.00644,0.872,1,0.115,-38.382,0,0.0604,163.137,3,0.145
6fzFysA60YMEtdf1C5f6Ji,Explosions in a Four Chambered Heart,spotify:track:6fzFysA60YMEtdf1C5f6Ji,"Moon Ate the Dark, ",0.93,0.233,647933,0.308,0.806,9,0.0977,-17.358,0,0.036,141.109,4,0.0408
